"_id","effectiveAddress","foundCount","latestTransactionHash","latestBlockNumber","hasSentNFT"
"620d1e457cce5cea0af6ea30","0x2D8F9048D4383529a9a6B3CE8B426BD49873a414",6,"0x2486e19fd49ad2bee8325937b76ec8ea2e3ee5fc9b6a6e1386b2a6676b190bff",25000000,false
"620d1e457cce5cea0af6ea31","0xEA191A858FDFB509e81d7cF024f31d945A6F7c0A",1,"0xc6d447b7ebb4ab216780b7d62ecfe0e6b4a544bd4d278705912867486e366539",25000000,false
"620d1e457cce5cea0af6ea32","0xd1Fd54AFaD2b463f82109653D28ffe297986f2f8",1,"0x7afaacf38a5b3824c6a2b0a69c922c8b6922d14a28a6feac63efae0ab72efa14",25000000,false
"620d1e457cce5cea0af6ea33","0x4d69B6091dd89e617cF255e8f6CF8a10C0eF3D94",6,"0xcd53410b78d56e3663e6b8334b60fb95e5f3833f9d8cebd013e5dbc4938f636e",25000000,false
"620d1e457cce5cea0af6ea34","0xa921C427173aBdac007f4DdD611495e52F9d11fE",4,"0xfa7319445793f5e9e39a3ede921eedf3b2b0728230e41fbeb3af551cf4099bdc",25000000,false
"620d1e467cce5cea0af6ea35","0x9AE3538c9681a47A1519cAe6e2606749b2E4aeD7",2,"0xe11ebeeec68b4e3fc0063ec552a75900a2a7148ec8370e3d409b64ccfbb307d1",25000000,false
"620d1e467cce5cea0af6ea36","0x873c940198044E19a0c30F8D49491e92A813abf8",3,"0xa3e08c90c1e957ab91dcd600c63ea9f3dc71ea8b5f46ffa9635167b586d6e296",25000000,false
"620d1e467cce5cea0af6ea37","0x05048DE490D6Ce43e55C0bf5a9368cF86B0C771f",4,"0xf50352b3d5c81674ce3d48eec369a0e8a91d8649bc29346558075d7eefee8b3c",25000000,false
"620d1e467cce5cea0af6ea38","0xAa4F6531CDEdd94DA565b2Dd195C7Bb479B75006",1,"0x287de141a089f3860f274c0864f837498506c21fbe270cebef2beac4ccd2e2cd",25000000,false
"620d1e467cce5cea0af6ea39","0x303b9155a574E09Ab2736966E7Fb2F66b6776f13",12,"0x7dee90404f7c1e3fab0539bcee6d75920b28f1e6de9724fa9c6f4ca7bf853fb7",25000000,false
"620d1e477cce5cea0af6ea3a","0x7cC9F9132EA4688a9D5A659140a5BbC8FB89362D",12,"0x3c8e18eaa3ed080cb03d6a1e852e1680566e5eef8a75447e877ec43da0d1dadc",25000000,false
"620d1e477cce5cea0af6ea3b","0xe37C8b9a25A622F069D7D38a51561Ce5ACD96CbD",17,"0x3aa54582120ff459d92a740f4bf5751efbaf57e762aeded0b0904846ebb90a0c",25000000,false
"620d1e477cce5cea0af6ea3c","0x19A1db3f1c6B2f15800664b313AF3045E795cb14",10,"0x8f47aa14602be91950280fda03052888b9b75a8f8d286dc71523b9b25516efc1",25000000,false
"620d1e477cce5cea0af6ea3d","0xeC462515ccBA8aCe3De9e45974ff16Be2D5EbeB3",3,"0x2440debc3ec6ad1d2906277bcb041619404d16bfcc3941a38626ce96ed6a5d82",25000000,false
"620d1e477cce5cea0af6ea3e","0x4808615F03d3a39bC2B0A8700127e44313718535",3,"0x55b529f5f39be3f863befc6276029bc2558f1bbef6c0bae502cc19bed5566578",25000000,false
"620d1e477cce5cea0af6ea3f","0x560132fFDA5d792d67aF1C15e21ab853745A0a1e",36,"0xbdc592c213e03040ae613e53dfd4c829207a6c3029115ce8fab456a148868173",25000000,false
"620d1e487cce5cea0af6ea40","0xFaa94cf50f182cc9F9656d9F52583010acaEE224",2,"0x191ebc3536539fa83224b14dbf2311365d45a4ce86bd42932146a387012d6bf9",25000000,false
"620d1e487cce5cea0af6ea41","0x16b0B50B9cF453c594Cca460a521421f5A84398c",1,"0x88c516e72fa59c7ce0553fc2e0acb3b28f70d5da540a75c415ceca8b2e070d4c",25000000,false
"620d1e487cce5cea0af6ea42","0xe97D262D3353d7cef60e3085c849c7E77F6e7a52",1,"0x3788e5dfee1234eaa0da1c58b23997ee487161d5b01f3b70ee52aaef049c9061",25000000,false
"620d1e487cce5cea0af6ea43","0x6436564b0D807fDB3E2bBC5c4F0aF44E1DDbD67F",21,"0x8dbf237b3af8f6d9c0d341130403a80522fa96ad57f0abdee262ae68dafaf0b4",25000000,false
"620d1e487cce5cea0af6ea44","0x9384d67B2eD054DDaf55C1EeB84177727F0f0B53",5,"0x6f7c699e9a5a78cd68eaed3229e68ecb8c97169ac4cb1c1f1f186599b95811d0",25000000,false
"620d1e497cce5cea0af6ea45","0xBa44d1036c3C4b98A546C2093474D9dfeb819B17",3,"0x79964ba7e00c2f41b99755c8fcf77ae10f4ff2300d453584ab3cb57ffea1122e",24999999,false
"620d1e497cce5cea0af6ea46","0xB5c3129a52DC469171dA99062528276Fd4a4da47",3,"0x23d28c1eaa40e61e66f9298099a0b833d8218c21bd764573e05f9bb6cf77262e",24999999,false
"620d1e497cce5cea0af6ea47","0xf2C146123a305F49ca787026D9499CBC59F6d116",7,"0xc8b36627bc650af0098a797f090884cf51cbaecec603bad20f5dffc8f1cd0f31",24999999,false
"620d1e497cce5cea0af6ea48","0x1F8600BEb4eD6F7133aa5Ba57e24CD2496968014",4,"0xed4fa90dee2b893a3fdcaa264c2c85038e91bd3a67999971f91a1b8e104c0d11",24999998,false
"620d1e497cce5cea0af6ea49","0xE6dE64b6073230135938c63f9e22fAc3580F4b38",17,"0xf7aa7707a79d605148b329cf73eef0515ead427f9bd9be7291f6c78300f1b2ac",24999998,false
"620d1e4a7cce5cea0af6ea4a","0xA0a9a583D30EdF9d59eD8552556675eB6881393D",10,"0xcfb4cf97195becb4f02a9296ac28ead8daff6cdca9fcbb5f856e8960a656324c",24999998,false
"620d1e4a7cce5cea0af6ea4b","0x6b52595B5CF6061Bc9a346c77831e223c8Db8ab7",4,"0x566e2b61e3393a0ef81b0948923901e3c5f9f5840810a7cfe0633031e52e2952",24999998,false
"620d1e4a7cce5cea0af6ea4c","0xB1D8D96EBC22949b8DeB22c31Ab3f6A49c8C8d69",1,"0x080748f0efcb660912b836e8f2ce65c0aba6fb956047892db8fa92849701d16c",24999998,false
"620d1e4a7cce5cea0af6ea4d","0x994369a4D7DbE4e741a1765a14479C9f7CaDC3A4",1,"0xf6ec47f5a152cfd3fefc17dfa77ee8223172954399c2518567caf6cec53b81bf",24999998,false
"620d1e4a7cce5cea0af6ea4e","0x9bD1C0AEC5Cc19bBd916525eDC28C5eE62BBd831",9,"0x54dce8f3a4b919899f8971c50c0fef0cae6bf6ab246be788bf95e7bca00c6150",24999998,false
"620d1e4b7cce5cea0af6ea4f","0x718C513D325B44fFb9AF8C0eB22e6a2170558945",1,"0x81c71d6b949f2fd637a95d650f959d91e910a4f8ae48179516a7dd9b6d3409dd",24999998,false
"620d1e4b7cce5cea0af6ea50","0x01c5Fe3f01326AAF1f6B1bb374F0166860F83c60",1,"0x1561c522a4d5459a5c766acfab630b170e4e1cceacc1daed901a082cf399ba91",24999998,false
"620d1e4b7cce5cea0af6ea51","0x1758686eCd1c5A139B977b9bfE24E56020D32473",5,"0x2eb3b90d1ca01269083f8a460ccdfbb405d9946792d42dddbf3c46f3a944bc19",24999998,false
"620d1e4b7cce5cea0af6ea52","0x5c6DFB65F826bDdEAe56d733241BcCF1AafA4AB6",7,"0xd981bc5b05fd10e5c6a578b4ac366fe5dc7ca4c7951d689cf9b9e3fb1ac02431",24999998,false
"620d1e4b7cce5cea0af6ea53","0x993De4421eF989842f5f8c141854053e2BE47E78",13,"0x29412bb0b70a6bc7e40a1b05be3640959cf3b112509c6e141f3dbb151ea4f89f",24999997,false
"620d1e4c7cce5cea0af6ea54","0x497E9Ef9fff5A0857E2c29FeA51554d57cD0a7ab",1,"0x9a800d0a2cf58b721a1f6d44cc0aa5c8b3d7201995cdfd5e9880a7dda3a5298b",24999997,false
"620d1e4c7cce5cea0af6ea55","0x63daEDfe770fcD7fA863aa4af2abE372ea727669",1,"0x8f587df8e29ca126e96ff4aa7f423d557ab7769cba7572491ad02fc9b2aa3d35",24999997,false
"620d1e4c7cce5cea0af6ea56","0xaf44FD605282dB4171c790Dd19CAA40665f36697",1,"0x5fff3eb6b2b26a17a590d99856284db6d643e7580cf4c886844b35efe4bdb60f",24999997,false
"620d1e4c7cce5cea0af6ea57","0x4f06F72cd3A88Ec0c27890a082388AFFfB362dCf",1,"0xb56e09ab298daa22d7ce1f991d1eb2694c50b21a1cfff2f615aa29f4e233942f",24999997,false
"620d1e4c7cce5cea0af6ea58","0xbb226F372cbd894d47967EA792Aa0fc521D7C159",1,"0xba359cd65d6ff55ec02cb3977e3a44a873a5fbdca10c365fa9d07c1df92d67b6",24999997,false
"620d1e4d7cce5cea0af6ea59","0x7C4a24c5b1c0eBa323aC796b841708ca4f79Feb1",2,"0xb23cfd85e5a967ddb6d168a381dbb438f12a933527b9dfc71c6318c36eb9d8c9",24999997,false
"620d1e4d7cce5cea0af6ea5a","0x2D0C6C1A10A02f94097C2baec4F6f376F747A240",2,"0x88c09cd86f61b80cca8fe1852e758296f8c504514a183ff4da0864825e280a2f",24999997,false
"620d1e4d7cce5cea0af6ea5b","0xc95c81FB9dA95b7750e9E1B04B5e7A14AFb2D103",6,"0xa671d32abc613c1bd1818b69c287dd1ffa28ad1ad3b6694260fb0016ab754eec",24999997,false
"620d1e4d7cce5cea0af6ea5c","0xb3AB2a4C77FbeEEf3646CB133F674964B2009c0F",4,"0x6300a8f7ddd2989b70f982a1e6d45bbc4425ce50fc4de7ffe196e4772bcd967b",24999996,false
"620d1e4d7cce5cea0af6ea5d","0x4Bfec046e47c33118D162209FfcCB08e8c7AD61d",12,"0x0f21caff9df880cdfc4544cb8294c09d9d816bb3dde32f899f5020ccfe884dc2",24999996,false
"620d1e4d7cce5cea0af6ea5e","0x930fDDe10c8cDA758232873A8428EF380810843A",3,"0x18d46c0f6df7f7ad50f17a8d90724ddedc7833dd2a17092a458bf064222c20f4",24999996,false
"620d1e4e7cce5cea0af6ea5f","0xc1414e6D3E393D16083D2F8D0F892A2fF417f2AC",3,"0xd7ba9b07c5ae36f0b54d1ee2c101dcfe495de8ace287a323a49074cbf76b3b7a",24999996,false
"620d1e4e7cce5cea0af6ea60","0xaCE6B555bCA71F843708a56849168a7e350dF194",20,"0x4d2d12fb68f378942957743c5d0b00b8c23c68a2e186c30f327000afab7815dd",24999996,false
"620d1e4e7cce5cea0af6ea61","0x3Bfa6f86d2A9596dBc895149A223671DaE28B30d",2,"0xe7f9f27c284cb26929b277990b5f149d3e1fe9196593e9cfd3aa582e85a999b1",24999995,false
"620d1e4e7cce5cea0af6ea62","0x7642CBbB50E42F1c7475668838b553d0D375AA74",3,"0x2a4545cb655380ce51bc63c8a9d5ea25821ffe8f12b72bae462f14f95a5696f6",24999995,false
"620d1e4e7cce5cea0af6ea63","0x6E483177902011DAb3Fb4cbf3d2dc5a29298cfE4",1,"0x33285b1051ab616d4cc89564e46c1699ba34beb2b8197e3f49b966770207f73e",24999995,false
"620d1e4f7cce5cea0af6ea64","0x6944cecc7eCC9069faEeD8d76D760d07D9cC93Da",3,"0xd8c8bee9f9dd871aba04ee70786af497a852b2090afc651dc0bb54ffbc89d8ef",24999995,false
"620d1e4f7cce5cea0af6ea65","0xFb21B47EC799Bab68abECE39c2ac3869BcC08B0a",25,"0xafaf99741f5f013269c89e047705a3065e5f66eb9aaa1e544c1af85a19eb53d0",24999995,false
"620d1e4f7cce5cea0af6ea66","0x3AF76452BD8732448a07a19dc4ABDd06Ece36e64",4,"0x3240624a693e1d323b47d2d9356c4c5bb83c59bc3d8a8eb7b4714cde2c1221fe",24999995,false
"620d1e4f7cce5cea0af6ea67","0xCc11d4622e6d770b5377E634A5cB71Bf10AdCcBa",1,"0xfb3e1473cb2397ffed00f0e32b60c3e4cf9ed9fb66b3f85b5832f819d1a2c733",24999995,false
"620d1e4f7cce5cea0af6ea68","0x5F94393c5129e79DF016Cc499eC31EC031dbFE64",7,"0xe03e66cca68bb66f0b7a83be4acd1daf823a7d192dc9cf3d7aab33237b4e7569",24999995,false
"620d1e507cce5cea0af6ea69","0x337B1b546776B1610e13C9f08Ed49c1D29C564d2",1,"0x389fab075d70cc6b88834ccbb70726e0a3cbf56d6e5d2c95fea43183ae3a2860",24999994,false
"620d1e507cce5cea0af6ea6a","0xDA831159F75c41D9F4f2c15293555e7DcAbed585",7,"0x4f0d4549feccb750d0595ff43c42b5798686aca8c72279fcacb8ce3ab41c46ff",24999994,false
"620d1e507cce5cea0af6ea6b","0xBFBD405A21da008258CCc74c850502701564c1B9",9,"0x7283ea72adf117845039452e1e4d6b12322c2b50b8b139d578a2de6beb860dbe",24999994,false
"620d1e507cce5cea0af6ea6c","0x677F94A7F4677DCB6c005b35EF9Cb45933744E1a",20,"0xdf80d11e65fffbe9179879bf2b3a3dee9c7e83d4cffb88c13f70a179012ec406",24999994,false
"620d1e507cce5cea0af6ea6d","0x5711A90f5192D244153eA5BD50De14B4d63359EC",3,"0xa42fe0ccafeaafda7245cebb8647651cf0d5d55ee0540029596c85c309e2de9e",24999994,false
"620d1e517cce5cea0af6ea6e","0x60451Bb4398d08693719Ed3096201F0c361D1C4E",2,"0x3a17569afffe49169892a1c8b83839006a98a6a210a2d985e9918ba851d1e1b1",24999994,false
"620d1e517cce5cea0af6ea6f","0x4F4848896F8758f20f87a12A2d6007A7dEFd8b97",1,"0x68771685ec8508a10b4eaa6d6b1b7ac4e03a172bf511293eb1b66e5d2a1cb809",24999993,false
"620d1e517cce5cea0af6ea70","0x2Ae9070b029D05d8E6516aEc0475002C53595a9d",3,"0x4cb2589b6d97e2f49ebe42a381d97c49ac8da2713ba701a2ccc801b02d718690",24999993,false
"620d1e517cce5cea0af6ea71","0xb9174E6d3156CE48261ed63F693C5049B2eF3c2d",1,"0x4260067a2fa48ab270075a83817c9bd6484f7174eef9501dcfeb2008e70c3746",24999993,false
"620d1e517cce5cea0af6ea72","0x6857aB1EF6993D401923C942A52ab5590a7CF0D4",1,"0xbc831a593850410be2e46da7754a49de89f18860380b4c3e93ac37a270ce2eb6",24999993,false
"620d1e527cce5cea0af6ea73","0x140234C1960AC2AfFee01e9D6131547e5856985D",2,"0x7bf2c6531720841ef1edfd6f77ee1843ab2d91f0ecac9580738630ea5eda9d4c",24999993,false
"620d1e527cce5cea0af6ea74","0xe977941e812Da611642Fe90D94bf67Cc79CF18C7",2,"0xd4458302791a30fd84cfd984a0b07bac87c352151699755c8d6495a7c334ac9a",24999992,false
"620d1e527cce5cea0af6ea75","0x4E2d1fA4a49C21d71d1460aA5D82dab65a9052c1",1,"0x5b228d318b38a6b850cc173473d2e6f86b5e85477a811d85d17265de66bfe9f0",24999992,false
"620d1e527cce5cea0af6ea76","0x149b9c59A97433e48a927b76D263baEC67a5Ef9a",3,"0x4877d7bda3e33fe9a26d9454af4a8b1293f06ee3ed1e2fb0a7409272d13cd0a8",24999992,false
"620d1e527cce5cea0af6ea77","0x2CB8d83BD27fD167dEDaB6Ea7BCD32ebDD3D22E2",1,"0x12663186fb547c2b713ddd4fa362a994e7c28ead5ca04ff470fe642508a37df8",24999992,false
"620d1e537cce5cea0af6ea78","0xAaB947d4669f94E3026d415d3d8eFFeEC429718C",1,"0x19bc990a17b0804466f6901ba0001eb4855b989e573e01e96552487dde119565",24999991,false
"620d1e537cce5cea0af6ea79","0xDC6E0ED63D38313b1aD35625e6e213a31c316077",1,"0x9d8a70aafd658ff849be8929e853a0b5287f2c2676f306cd54a6da54dbbe6eef",24999991,false
"620d1e537cce5cea0af6ea7a","0xAd54d0c5D806688C35F310365B9eEa00ae36e5DD",2,"0x9d83c584844c4731824a984d84567d385b5fc8a89e08d45cac72dbec1f0d7f7a",24999991,false
"620d1e537cce5cea0af6ea7b","0x083C92a0a11682063FeE1e0b710e5A47040F315C",1,"0x909efcb056ab5b127ac874dcf525ad0cafcdac87ea035586ff59061adfafc230",24999991,false
"620d1e537cce5cea0af6ea7c","0x0b4FcC1a1369279CE54f4D15637A3A7f3CB9D016",2,"0x7fa7abdc26ef94058970f2ef7cf7260b6e0ca32295a97865994cea8b3fb969cb",24999991,false
"620d1e547cce5cea0af6ea7d","0x88eCEbfE4Db62b793CfFB873d6eEB751c14Df212",9,"0xba6ed0bdc286cfbe9bb61c259bc1896f6b51d1437bbf82454eaafeb424418fa6",24999991,false
"620d1e547cce5cea0af6ea7e","0x31628525103b49CA98DDC6735781244296053cc8",3,"0x93e5399deeecf95f99fbb509e1d53712aa6f296813e5116a8b43a7fae9126238",24999991,false
"620d1e547cce5cea0af6ea7f","0x06Fd0CD08daD1299C1a501f7B38CFcd172ef6Ee6",8,"0x976cf583d2be4ab35a68b349515ee61d83ab10b5b18709dff2041bbfeab2a137",24999991,false
"620d1e547cce5cea0af6ea80","0x72b1885696Ad2c1FaC5D984003A87ec8CF38e833",6,"0xe407a922a1075bbede4bc4da5dde81ee2a1a55c87ac2116aa19e29e40ab98201",24999991,false
"620d1e547cce5cea0af6ea81","0xA7e9894Db465763cc6F405ee9a889B13653C045C",1,"0x9863039ebcb1ab6ebfb75164ddbea6a6a984351af4a1a3bd36b4ed3e0c318f87",24999991,false
"620d1e547cce5cea0af6ea82","0x4812EC46fd8D980CB7732E84bAfF5ad438f3868A",2,"0x005413b5521b2f5c74a43b3f7cd37baa552915019e70feb43b8a143e751f234e",24999991,false
"620d1e667cce5cea0af6ea83","0x98E4e3B1ec2E1513557c8978abc60E8592cE2297",23,"0x8a8ee6d77eecf9c371435d631d660e7a608f2c58e5a22cf5f5dc096c0119d670",24999990,false
"620d1e687cce5cea0af6ea84","0x85cEFd3811B1C420BceBF6263D1A5a66116f31E6",4,"0xe373076eb7d3e6adbb6489ee2b2b4ea667ed8883bb90d05ab2e96b182e895689",24999989,false
"620d1e687cce5cea0af6ea85","0xB00F2b9f0E76809069CF738c643BD2aceA2Ee14e",26,"0xcc8242177e1891a09ad936f2db6e45d7dadbcaa2240d529fc6a08f39640c3342",24999989,false
"620d1e687cce5cea0af6ea86","0x3064B40FD0463F638E92D1dc0F46e90f17db6C13",1,"0xe78c5d36d4fbf24a24e34e7e1bd5af4c4e53964b4dae652bc3fb384b117c6f00",24999989,false
"620d1e687cce5cea0af6ea87","0x3B422d06F07774A75010B9D5402852Aa623A4693",2,"0xacc02853db824d6da58fb169f88713f5051dcedfcbbc3c26bc09d9f4a81f6afe",24999989,false
"620d1e687cce5cea0af6ea88","0x454Ec000432cc771E9253556E86cBF6282edadd7",1,"0x3893799e9d93647df27f285a500cb2d782b5743d1dbfe6d1b07ab092cba5c7c1",24999988,false
"620d1e697cce5cea0af6ea89","0x047C297fb2fFB8e4e27d47b7dCc9cFC487437432",4,"0x3c1d451c964d45e0cdbaf0d85d0e2336f746a9dfbaf7551c1f4306a1def2a96a",24999988,false
"620d1e697cce5cea0af6ea8a","0x88bD5050912915573E1282b97D8ee3D4Fc3d8120",1,"0x26426658ba630744194ba77a93385f122904793521c767379927e5dcae6b4eec",24999988,false
"620d1e697cce5cea0af6ea8b","0xE9Fe30A13C14298A0287549891E8f8eEB103e9E4",2,"0x19eb61e1724aa6f9571897db1ef606e851f0fd2ab358adb8546ef23af82ef614",24999988,false
"620d1e697cce5cea0af6ea8c","0xfA6469BdE303D7fCBfe40a7B09A7D44d89b3aFA1",4,"0x261fc54d4fbe1c15925a0db39022200caf0659c054f48ff1f7029d1a4bb60fdb",24999988,false
"620d1e697cce5cea0af6ea8d","0x036BA448E50b3A6e500c31931d628bBF54A973ab",2,"0x948b4d29071299febcd302f073a0d542942e38fb0d13c281d02582e6a6261c8b",24999988,false
"620d1e6a7cce5cea0af6ea8e","0xAE724d87123D270B86e4b4e5ba0AcE6E69566308",10,"0x033efaab56cb0d3f283f4f6fb63cb4f1531ab75e91263058e5095b306a50a329",24999988,false
"620d1e6a7cce5cea0af6ea8f","0xE2fCc09023BA200847fFaae9875664C54B1227ec",1,"0xd8b71f6cf5f31069a62916ebf7b672960b3e61722345dea9e1208dda6e61049e",24999987,false
"620d1e6a7cce5cea0af6ea90","0x009f792F0D8BC5E6b415b246cEaF2A949fca2358",2,"0x49d6db48a3d9395c8c43501e2dfee5f3c5b89ae487243781dc545403d54ef481",24999987,false
"620d1e6a7cce5cea0af6ea91","0xc0Eb16f9DFEC05361ADA56bb7C9F46440b25111b",1,"0x05620ef8d6867669e5ddbc010319bb958e2958dddb58dd510ef933c87c74f6f4",24999987,false
"620d1e6b7cce5cea0af6ea92","0xBafe9ec3103f79b5EF5a20557005a2e5d52A5805",1,"0x6a8c97866751035aa4336bb7e794a596d3a8d6de9da4fb747e1ab4fc3ca0f3eb",24999986,false
"620d1e6b7cce5cea0af6ea93","0xf0F110fBc58Ba3333e9A035553D24720439d98c8",1,"0xbec7a742ad0eb709f04fbee0bf46b352fa6ab6dc2438a769ac2fc1eda31eaa75",24999986,false
"620d1e6c7cce5cea0af6ea94","0xcd90efB2Fe2dCA7C977e63DaD76B3ddD2478Ed13",1,"0xa9ddf2500c80496c647d2f324c53869f07d2232687b72ba55b0e53c2d522ce1d",24999986,false
"620d1e6c7cce5cea0af6ea95","0x681Ce0e908a5A9eCfAfb6E56602011088f28988f",2,"0xdf4acb184108c5c59230d71f247b42e9cee9f501d07837f70ff27287fbc48243",24999986,false
"620d1e6c7cce5cea0af6ea96","0xd39890A14546d87CE73435Ff14511543c0a104a3",5,"0x202d453e7219ba63f7d0eccc5946baf39bf73fd27df7be2108f6e4f42933b01b",24999986,false
"620d1e6c7cce5cea0af6ea97","0xaB3bd0F8403d168F41E1fd0F43Cce161D3838659",1,"0xa41d19a2198c0a0edcdb4b348798023dbd17d40ab260234a0a8c694113dcc4fa",24999986,false
"620d1e6d7cce5cea0af6ea98","0xD8754e7E0C5f6979812d0E063f7324e2bfAAD5be",2,"0x392b0da9959e30e1c5bf3d333c1daccedee516bee55bc1a250775b3ae2b84560",24999986,false
"620d1e6d7cce5cea0af6ea99","0x8fe0B90f0de4336daEC2d2598500b006295d96d5",7,"0x0d4c6cfcf5dd9dc7266546b80bae845e2c2cc66dcf083f19cd30aec29fbf7f74",24999986,false
"620d1e6d7cce5cea0af6ea9a","0x8F47946448f9f83406a8C57CF9829b54D85aAf88",5,"0x8ba370417761d1f3ab5d75901c850623c4ee32009130aca45331de701b386b5d",24999985,false
"620d1e6d7cce5cea0af6ea9b","0xbed3Eb8bb75079E8F028f16467a73C88C60D98AD",8,"0x6288a4dd63803ff18d244b334a05b7380bee785f59256ec4766bfb6cf58c5240",24999985,false
"620d1e6e7cce5cea0af6ea9c","0x553b6C7321bE6c7C8C6A9dC68E241F50c2eDec20",1,"0x5997af40fbfab50b07a2cae8118645beff463ee2b888ee21b3b122c300301adf",24999985,false
"620d1e6e7cce5cea0af6ea9d","0x3b8BC553640b9511a049D298cf5Cd7D8b0b651b6",2,"0xd9ddd631785851c660bac988bf5b836dc8fdb4fd59e2c56901b27c75a3622851",24999985,false
"620d1e6e7cce5cea0af6ea9e","0xDcD1B724BFaF6ac041C35D9Efb6bd7536B55B238",1,"0x0982755d4880034f774913b32b4381736f2903855901eb771d0cfcb7827ae119",24999985,false
"620d1e6e7cce5cea0af6ea9f","0x4d46cE02F44C3738995ECC8755D127c46C6A5590",1,"0x4b8b4f3d7f7bd23a4fdccd68ec2f11ab9be15adcb29fef5807ab94e0765ae7c6",24999984,false
"620d1e6f7cce5cea0af6eaa0","0xB56a7975bf2441057ABE7d4E7b474d0D61Fc22b1",1,"0x71d458d4ef721a3bbd46b70b6588959be74d386be2d071a4962eaa415eb903fa",24999984,false
"620d1e6f7cce5cea0af6eaa1","0x8DAE908c6575cEAC1539c07f8760c76730A97Df7",29,"0x4054b29b3b9eb9ab23944e7c26723de5d70091ae1f95e18b8658a70899a72739",24999984,false
"620d1e6f7cce5cea0af6eaa2","0x81382Ee1421CE5c15f88F9CA6D19852E6F8f6ED8",1,"0xf4b6e6d473b0d667e918620590b45fdeace3bca82bd4f02f33a6149daf1c94e4",24999984,false
"620d1e707cce5cea0af6eaa3","0x8A3376B96Fd9DD1351D15595436fC17bf2D398a9",9,"0x2d40294a52b62c9a5acd1e2a2bdf33eddc3e8caeca0f5cf6b86bf4f8df8256c1",24999983,false
"620d1e707cce5cea0af6eaa4","0x25e5Bf278ed7075FB2C97bafb988f349B0Da788e",1,"0xacba19b4cf28b7348c9e3b1ee416f04a2cdb7565f7ce23a670e523ce62cd6b58",24999983,false
"620d1e707cce5cea0af6eaa5","0x752b7B812A88bEBBb3167fe3CeB0E6137D53C56b",1,"0x4a25161e2bdcfb5b1e5082836ae6c564130d9bbb71f7de712fba597a2727ce50",24999983,false
"620d1e707cce5cea0af6eaa6","0x8685665C8256aFf6C87De313A64d2C5344c1B722",1,"0xee2bf568a9abccd47b5026edb955d7f9ebe32134eecfbcba0d768096afbad292",24999982,false
"620d1e717cce5cea0af6eaa7","0x2F9cA45Df6C72F71417EECD7f11252d178996916",2,"0x8f4f65289428354f52ee3d3c437c5add6935f4feeb85bbb46c2f978875d2d777",24999982,false
"620d1e717cce5cea0af6eaa8","0x1838A4b6289832C9e73cFff75824E22fBf9f806d",27,"0x7ef4a0912d758ddfe92c697c6ef1331a10432c2b7a3422efb9a0be92a987d5c4",24999982,false
"620d1e727cce5cea0af6eaa9","0x7B322BeA6CB7bafA1949651AEE4c72ee1A1657eE",1,"0x9c3cf572c37d35ad75ea9bba556c2c12a799495d07973060b2f1818e13d41c3e",24999981,false
"620d1e727cce5cea0af6eaaa","0x87C5Db195d0BBf71B2017349C22e95Aa15a65963",1,"0x6421d5044fc9007bfc795d6e710eebfcae9ff786f2e59143b86c9bdd3c79a683",24999981,false
"620d1e727cce5cea0af6eaab","0x17A30BA7C1252D679fD2605aC0ea715b783B08f8",1,"0x5d399da462d901a4a2378ab78ed1e9da8080a772cd7ea9ef5b121d626e154a2e",24999981,false
"620d1e727cce5cea0af6eaac","0x26fDaDCcfe47aFFCD1132B1254B2091d8061a62B",1,"0xab3e2b025b098adfb264412fa87163992d48eb3e60794b90742822fae58c9233",24999981,false
"620d1e837cce5cea0af6eaad","0xe1776fDe53B74dC5a93d564247506e1B2fE86b69",2,"0x2ac55fa2c176243885f25f1df2c5439af2bc669b9bf3daab6e260986cea4d308",24999980,false
"620d1e837cce5cea0af6eaae","0x976CAFe352a5e398F5C1960cC2cB63EC79d354B6",2,"0x9932bc0d8b480ba05ae3d0cb81e0179b8c28c2a6e2752ac33eece63c63f7342f",24999980,false
"620d1e847cce5cea0af6eaaf","0x7394d946516e128CDc20E47d411471F31E0Aa5E0",1,"0x3881bf0872e294164c9e80535f22f6b2abcf7276cf20d4e1fb1f277d8af4b132",24999980,false
"620d1e847cce5cea0af6eab0","0xdE5F3955e598D212cE82ed4f3c21e3664774aE30",2,"0xcfa5b10b3cb54c63954c90866157681f1b7581e01c8f916141f09b49ed72695b",24999980,false
"620d1e857cce5cea0af6eab1","0xEC9042A43672b8cdf8fF3CA7757eBbA47f11Dd58",15,"0x38746461f97a224205b27b37e6c9c34c62e612acb170cb18eedf3ebf82798b4b",24999980,false
"620d1e857cce5cea0af6eab2","0xA53b4646F453783BE389f0D8bd5C0F322521b832",2,"0xc3c09ede7d0abee9d06a2c85e523c3569caaa6a6674eac356e717479095110f2",24999979,false
"620d1e867cce5cea0af6eab3","0xc3Ca96372f56Ab572AFB55f7e4D6C589FE9f8C0C",7,"0xa2bb2cbaa9f43a6a817d797ab016c651b88aed06fad674189fead4bfb9dce2c1",24999979,false
"620d1e867cce5cea0af6eab4","0xB7Aab473D8720Aa82F3d37f217A450Aa133f0A81",1,"0x5bca767ed94fdb4aecc80a2a532bcd86f446ff4433924d4f9d69087d80e296d1",24999979,false
"620d1e867cce5cea0af6eab5","0x371713345c0d5B34e190Fc3A3B4C54676B11c2f1",1,"0x1607a7bd39e34b5c4372f4480035a76d504d3a42428e4d181a1a98b0595d2c0e",24999979,false
"620d1e877cce5cea0af6eab6","0xA07efb4C9965D2c39F2B58C78DC0e302b61e0145",1,"0xb725f5989e1c448b444694fab397204ba3bd18106366cf42672a0c1f8ce729fd",24999979,false
"620d1e877cce5cea0af6eab7","0x6451Abae542576b623feBF10554f3d9d0cd5D037",3,"0x6e6907b223f46a1550d0f37cc6feea2cff5af7cdfcc5eae060a2a95b56a2902f",24999979,false
"620d1e877cce5cea0af6eab8","0x190a1CA73488E2e14D05490AA18e7D79844A815f",1,"0x7a3e8288db55d5ce47c8f3bb22448f718c6509b1ef400943d99d0a9c8e3ae4b8",24999979,false
"620d1e877cce5cea0af6eab9","0x55fCe121Fd71C0C338825c87aCE67aFe06c7C87A",1,"0x9cc62d8911a05747d6e26065abed40e19c8a75a6c3a644a84236e25ac18cd202",24999979,false
"620d1e887cce5cea0af6eaba","0xfE4619F186180d13F3dd8661A7eFB5536a12Cf70",4,"0x34887b76672a72622d739ad00007496373b271ed3bfa645a33ae085f4aaaaf01",24999978,false
"620d1e887cce5cea0af6eabb","0x3Fa930De63F2f80a35cE5476bf62ABc318b1D544",2,"0x2dd16d8f99fccbc1b46528fb79d4bdb19e3ff53825488fb8acfd0d99655ddf65",24999978,false
"620d1e887cce5cea0af6eabc","0xCb2618fd922789a6A58D40B090381fa93e41e7d8",1,"0x0cde6a7ab3ad8f64090a5373490a10472732e6e8681bc77a93c324e781c1c552",24999977,false
"620d1e887cce5cea0af6eabd","0x56f9a3fe8436766FebAbC8163Ef0467F2aD00eBa",2,"0xb70b1dc822ecb3ce2b2df2ce40d6d40c52d6b00547511b5fb9500583227c2f14",24999977,false
"620d1e897cce5cea0af6eabe","0xCeA7E0c7D9d3E39D7390B95493DC8D480BC45e2B",1,"0x0aafce6745e7c3786baf0a95e5d26057d993db06e34cdba3bf66d122edbc1b43",24999977,false
"620d1e897cce5cea0af6eabf","0x8C813ECB60B9206aBe9c99f8eEE7c71F16715fF4",1,"0x3aeca7d0d243ef6bb6531896350e81cf64eda7e7d4d6c1f3550d621a1ccd2cbf",24999977,false
"620d1e897cce5cea0af6eac0","0x62b5715a6Afb5EE39C21f8099A88eE9571BD5107",1,"0xaaface818b7cd01f93c92dc4bdcd2129e28746bc153cce5b9c2202136e793df1",24999977,false
"620d1e897cce5cea0af6eac1","0xD7cc626c130E579e2B2dF0B5DA680E9789Aab186",1,"0xdc3eea52c22660dad5d15d30bd910aaba665e6ec85dff92663b0bc4c60522469",24999977,false
"620d1e897cce5cea0af6eac2","0xDC1ee4924fe15141636E5ca40D089010446a2A18",1,"0x39073cdaa8aaa8606b7c41617d4c3eb7ee00773102916db1a2690e256f88df9b",24999977,false
"620d1e8a7cce5cea0af6eac3","0x1d1b99b8FDb5759B277A6aA313D6810e618f3ebD",1,"0x11d865897403ca31a8cfc6a5d6b4656d1300bb575d0dc7266f90cbb70463e93c",24999976,false
"620d1e8a7cce5cea0af6eac4","0xcF2EA82d507f9256F449c085ED0a6DD508A6Df4d",2,"0x9af7c2eba9131e9db18fc421a035f7f25a2f320a1cee8e03ace37e00163e2762",24999976,false
"620d1e8a7cce5cea0af6eac5","0xDdE1964C03E00587AD8Eb3A1d0B0EC6B1C57b3cC",2,"0xd740e57f37ce54269d75e5501a5327b8d4f3751961c9e460caf6ac3b5e817b9f",24999976,false
"620d1e8a7cce5cea0af6eac6","0x9d05499d165206E7B6b8732CeD2a0e65789889Bf",1,"0xa9f16aa1039f1b3aae1ca4cf700d5407d9169936882922e0cf98fc35777c727d",24999976,false
"620d1e8b7cce5cea0af6eac7","0xbf3E035D232B4c1f1C8dc0180b4f961a83e42e39",4,"0x8e392e0d52426df829cc7fa7277c68833ab1a0b378f59d215f7ec45a9d943aca",24999976,false
"620d1e8b7cce5cea0af6eac8","0x3b415ae8163Df1c3450aFe602424063Fc5438276",1,"0x0d169d24de4e30e2aebd4edd311c36a03010f9f16088a43466a14ca459374075",24999976,false
"620d1e8b7cce5cea0af6eac9","0xF326dC734e66D83eFBe1540287002cE602CBb18A",1,"0x5a8a0f8e3ea5caba43d82a0997fdf083415cbd90598e02957e714e338fbf4bd5",24999975,false
"620d1e8b7cce5cea0af6eaca","0x6F95361f133087B05E7954cb9BaeC4143de8dDd9",1,"0x0fc4566749a9eaf5444b9b3f1834fc9158f9373c6370dc593f1ffd26a25a80cf",24999975,false
"620d1e8c7cce5cea0af6eacb","0x110d577fC4726FA92A5A8C3271d74d244835955a",4,"0x362ba5070a4341b79c43132eac7d6bdc186c3559c95af99a8195314f66dadb7b",24999975,false
"620d1e8c7cce5cea0af6eacc","0x1FF35CCd410748f3f5881AF6D8aBcf3b6Cbcf181",1,"0x7e675ad0f2e3dad45c1784ee656a55a8014170cb271d34b555e19c134bc6959b",24999975,false
"620d1e8c7cce5cea0af6eacd","0xcA85DF847d20547820C0bf74E0Fb8C04ce4Ec70D",1,"0xc74e3f012e717ac8e03bc9e4abd06aa6bb080856e60e7629e75ee756d892f84c",24999974,false
"620d1e8d7cce5cea0af6eace","0x3345aDbb0dF88ceB8d333bc50E0F58c3c76c710F",1,"0xe2b8959d70a4893fab372640e10e6ddfb5b4789266ecef8a6b6778b2c9eaed25",24999974,false
"620d1e8d7cce5cea0af6eacf","0x23a67f8880073Ca9653C33684D75f492281e3B20",11,"0xf4e0a107a942f8fb3517b748bb2630cb3fa24c25089d22b3d9aaa7ce8a0da6b5",24999974,false
"620d1e8d7cce5cea0af6ead0","0x156eF809cae2B3F5E023d5588E6c363BE1E0409C",7,"0x7b993e4fddd5397b7975faacbd6030c3d6eb7eb62b3a4bdffa966ffd98846bd1",24999974,false
"620d1e8d7cce5cea0af6ead1","0x46189CA0ED132aAB3863d724D0347315A437fd83",10,"0xf90f4989423cce84995cc472950238358f1dbf36c97ea353e98388b9a7a7925a",24999974,false
"620d1e8e7cce5cea0af6ead2","0x76da238cF78441c53a0423e3725F6A4EbE871ad4",5,"0xf6d4224d4a4416897a05addb49cb3dca77945da2fa65b45356dd61d4b963f43b",24999973,false
"620d1e8e7cce5cea0af6ead3","0x56a9aC84A817f42E437bb6024C2deaCb70fA0f53",1,"0xb44e485eef9c26e19d0d0bc815d2267dcc82598199d2572b123f35da3a33724d",24999973,false
"620d1e8e7cce5cea0af6ead4","0xe60ACc70b54b1605d6c239EF20a4E0464Cb8D9e9",1,"0x0caddcd1153473f74807b45ff314ab4b896043356d0caf905f77662d52bdb509",24999973,false
"620d1e8e7cce5cea0af6ead5","0xD0044E4c7f7BF6719fcCF85718D0be1327dD9350",1,"0x2da5b5bb63dc79fb24e45faf7ad976c14e9ef67427cf05251390485a828ea7a4",24999972,false
"620d1e8f7cce5cea0af6ead6","0xf87b4E13e8966dC4FdB544b9D0FdA907715d5595",1,"0x4a929ef12c851f42215f30b668e819987ef6b216a7bffe6c70f75f7cb5360cf7",24999971,false
"620d1e8f7cce5cea0af6ead7","0xCfa52F74B4Ea4232B477E84B41B5d7a77BD6f42A",4,"0x972dfd5ed751a8b10a0d64d663a8c83e5b9197375932443d2a870b723a86ac4e",24999971,false
"620d1e9e7cce5cea0af6ead8","0xCDE19C2f99f41788C733fF1d457291ABF5DC1FF3",1,"0xcafead9e4a55527ce0326d3c140a51a0aa16f619156efc8581a1862350d4a07f",24999970,false
"620d1e9e7cce5cea0af6ead9","0xb43F94ee34b3AF0E52Bf7733606206356b5A8d23",2,"0xca94ec3037487ac5353d087445947c2936dae2824b7d7c3172c5ff28e6f18cd3",24999970,false
"620d1e9f7cce5cea0af6eada","0x3D4deb6BAce0f8E274De723540d66De48b953aC3",2,"0xcf156048352bb7de01c49eff60cb481065b16c0872fb26a62249b747b00ac6b5",24999970,false
"620d1ea07cce5cea0af6eadb","0x68cf5a6428e899E00551C42a3430755AF25627f9",3,"0x81359aefe1ae2ab71b25a1e7e0f174a9df392406db7175c326c00424ff19faff",24999970,false
"620d1ea07cce5cea0af6eadc","0xe83c4310256738B59C05786f77F8B6187aF909CD",2,"0x5d298cc1a3a3dd6f210b890f52bc7e4c15bb5bade15f6c478fb2708cff234da6",24999969,false
"620d1ea17cce5cea0af6eadd","0x948Bed1a85Be7f2e8C9dD9C01cFed9392FF6C379",1,"0xac805b9adbeca11075dc9c7c1030c9203a78d122396b7a709aa11b5e4d79bcdc",24999969,false
"620d1ea17cce5cea0af6eade","0xA05a28fEB4067c2f41620FBE35873Ad088b06321",2,"0x75cc523341b17fee97a724bd176059ec980ebc5df373ddca6bb717290dbbc590",24999969,false
"620d1ea27cce5cea0af6eadf","0x01773931e544225d0a43e5875847A0a7f06a8BcE",3,"0x3d8c93eb9282f9353d4eb6579a8d66a1eb01b1485a437b570f48f6a63331c8c3",24999969,false
"620d1ea27cce5cea0af6eae0","0x6523a8b507C189A6640095afE5a72c743ACc587f",1,"0x95e84f3dfe2c868a9a20d1e5920d33971ef4012aea8112c063d1ee526fee1396",24999968,false
"620d1ea27cce5cea0af6eae1","0xdF2565B116Af554e169faF5a16cf04BAd259e98e",1,"0x99359f9a980db8e783ca05b7b89deeda9b69a664f9e7bb7665da1e945b9d904a",24999968,false
"620d1ea37cce5cea0af6eae2","0xC3A0571c8A636cA959B2e8c4Bcaa1Dde7C5E9fd2",1,"0xbadf0d74d85f0a37e855e7711fe01b5ff142a90508db61aabae7b144eb013fdf",24999968,false
"620d1ea37cce5cea0af6eae3","0xd4b189F1db40A5F2CBa42DAdce21089Eda97E253",2,"0xca7963a6c7f2d56c088e4326b3a2fe6426d7f6ad8b8f79a2e6f800d6da064bed",24999968,false
"620d1ea37cce5cea0af6eae4","0x39Cbf80cA8b045ADda7123eFEE64f3976D7d47d5",1,"0x2cff31dab1fe07f962980a7846c2a56ad4664d6719883673445325d981788358",24999968,false
"620d1ea47cce5cea0af6eae5","0xe12BD05218F3A59d970464D0017041558C8A6abb",1,"0x367c794494f44cb880f1a88e887bed130d854a972863f79426bd8a15de8e9436",24999968,false
"620d1ea47cce5cea0af6eae6","0x37366E9Af634921e3DC96581e26fa6BbE4B7149A",4,"0x789e18753806a1ffd0987ae284fa941e134b2baace72d534ddc5e8e522c4a9c0",24999968,false
"620d1ea57cce5cea0af6eae7","0x749592b294a11892933185bad828B6cCE0E1bC39",2,"0xd5345a8984b1d381f045183f5211ecb1613e4664f240d87b1658c367911216c3",24999967,false
"620d1ea57cce5cea0af6eae8","0xecdF7479e52bC00CB78b8E23c5FA30EabA4Daf06",1,"0x1d993fb415b533d49da62c91176e005c954f3e8e79776099f6f32eb47e87960e",24999967,false
"620d1ea57cce5cea0af6eae9","0x064cB0bB4c8ABE11935134aEE670C032D6833556",1,"0xa54bdb2a2d3a38519f9ea04393b60e5b804974f45f4a19c0b12a634355946052",24999967,false
"620d1ea57cce5cea0af6eaea","0xb0983B3066591430F6A61Fc82fBb463826095147",1,"0x95aa486bb537522d2d42dec05bca727d275cc468d65d799338c359b5f577e46f",24999967,false
"620d1ea57cce5cea0af6eaeb","0x606fAA5C30416A54552b73c16065A9ae35d49B51",1,"0x44fe9962081e2578eafdee7b8faa2e3fad8550b2680017073efc8da51cea9d22",24999967,false
"620d1ea67cce5cea0af6eaec","0xEEa33C55FA1bb449f6fCf07040e7aa1B11a67b69",1,"0xeab8990b2671ddf78d6afab039765ad063942196261c7fac2bab857a8e826560",24999967,false
"620d1ea67cce5cea0af6eaed","0xA8bBA72f751F1085142CB909b33d41010F948daC",1,"0x5523fbb8a8612487ed5cc6ca8d4954bdd9ca91492c49e27c4537ea8702bbc027",24999966,false
"620d1ea67cce5cea0af6eaee","0xa3c7F6484B384E55dC198F9A405755C66D9Ee16a",1,"0x4f2bcb5e88cc4d731132ef1055c1431e8a31ca96062145b83c7fcb70208f4eca",24999966,false
"620d1ea67cce5cea0af6eaef","0xFC06Ac71C1590fCCDA48898c785c701E4808c707",1,"0x93bb63f5cb4d1805694999c34dc81fc05901db621e30f9fe0354ecbac808af51",24999966,false
"620d1ea77cce5cea0af6eaf0","0x18acbA91Dc2761dA6D848D01861e0E139815a9b0",1,"0xcdc1f3e724a74410dfb5008bbe3615bfcd74523facdfeccba401a94a26f68f08",24999966,false
"620d1ea77cce5cea0af6eaf1","0x0925800170B60AE24136E3977AD5cBea3522351f",4,"0x239b2016520c124729f04ecd5a19e9a752de9adf0f25a88f37542a5efc6d7ac7",24999966,false
"620d1ea77cce5cea0af6eaf2","0x3f8F4f22244ecC6FddaE27222f3CA6063e15B761",1,"0x9962c1fed05a0d44a064700098f6a3cd8eb33d71778739e9b592099e6f48fdcf",24999966,false
"620d1ea77cce5cea0af6eaf3","0x4593016168C9417B0b6f1A6824a91312272D2Df8",2,"0x690302064cbb50372c9422833b938305e89ca445b6e0eb7d556229ceaf947af8",24999966,false
"620d1ea87cce5cea0af6eaf4","0xA8E4C5668A2A796E21bB1212258380aB73Fd0b65",1,"0x79655b5dbdb67ba929f3ad5c67d458d494e036d06b42e817cb98a61f3ebfe8cc",24999964,false
"620d1ea87cce5cea0af6eaf5","0x3dF9028901597aB4b4f895c6e4445dB8249B62C6",1,"0x665b3fc71a6892a2ce493c3e2b5c3df5966483a3fd5fa50749dbed777415ac7f",24999964,false
"620d1ea97cce5cea0af6eaf6","0xF1a2d2d2b22322e8e9202ad4Decc745B0b4E6184",2,"0xe0d5e6dd93ecbfd46679a829bd4cde8738e406c64b44c9d19c55182543ef5d4d",24999964,false
"620d1ea97cce5cea0af6eaf7","0x0e2e38F26b3445EF923301948a3DC3833020179D",1,"0xbc3ce655fbab3a86fdbea34f6cc618b208d603a5ad75e8474945726235ef4e86",24999964,false
"620d1eaa7cce5cea0af6eaf8","0x5A8B67094A996A5Fe155Ec3c302AF952615dfEE5",2,"0xd8b8d00835f48c6cfe97b23aeb4a63cea8a5aef613583a0024509fbb9fb6bc87",24999963,false
"620d1eaa7cce5cea0af6eaf9","0xEb790A5aBAf36cFC8735012DB0d7aaDdEe5d63C5",1,"0x292b8bbfbb8d86bfff03aa6b2405d95d1e5609f89f24c9874e7c5d3bf018b0f3",24999963,false
"620d1eaa7cce5cea0af6eafa","0x4bB6D2b3Be3d0eEbd4E7F61e8ABc943eF6BBe4b2",3,"0x89b59d559af3d79157599d7c402a82ce40bf5d37f6369cb4be7e97921dae0be9",24999961,false
"620d1eab7cce5cea0af6eafb","0xd9b7eC549FDF7Fef004a61989F435a3EcBC688E1",1,"0xb880ad40ba71e47d3292beffbe4f0b92385949ea120095ada767d0f2a79b8c9d",24999961,false
"620d1eb67cce5cea0af6eafc","0x4b66d1631C9b664c5f5d4FF88Ba8D3AB6b7da85F",1,"0xf62e350ccf384ff492bd4d46d2c83e152207ad0cbf8a7fff9a030db0e854ebc7",24999960,false
"620d1eb77cce5cea0af6eafd","0xc1bc2b099095902245c723f6a632D6f26Af88045",1,"0x4073b2d1ecd8e9881f3044ba2ef7dd66bdb08cb779e308e1eb2f7bf2437acaa3",24999960,false
"620d1eb97cce5cea0af6eafe","0x84A5D9C2865174Fd12F3E4A934f8ff732e787086",2,"0x01b3513e135dad490f83da70b6e616f73f59f38a63e8e0a6010f192c6fb6a97a",24999959,false
"620d1eba7cce5cea0af6eaff","0xc0C6fdd7F1ed11585881eB259b13da4443729E6c",2,"0x4898f2869027f29c61ffb26bf7990c9c1d69a5b28355a18f911956eac5d43bd4",24999959,false
"620d1eba7cce5cea0af6eb00","0x2dDEB8c920940429dBD3F99AB6cf214753f8Dc9a",2,"0x07b3dab6809ad26a34b11ce2e79fc08cb04b195a88b072f1863ef4296b1e7260",24999958,false
"620d1ebc7cce5cea0af6eb01","0xACd6FF02F9DCb066adC650d4eb57ac183e73A184",1,"0x9dd35c3f58ab2d90a7de2441505439ada6b2f5baaea07a5093418838fec1c59d",24999956,false
"620d1ebc7cce5cea0af6eb02","0xB33e848FfE1047ACd2107eEfAD0d7D3607f4Cf01",4,"0x61a3bc6198f648690c85ca78facfc522a18cb0c61be3f5ec10b4c49d9f70ba2c",24999956,false
"620d1ebc7cce5cea0af6eb03","0x51EB02887b42C6fDD38205003880B39c50D18776",1,"0xdf6af825c1b6c2e587c53abbd43cd913c96bad23321faa50b5497e9d3877431c",24999955,false
"620d1ebc7cce5cea0af6eb04","0xc384c8486C7b3b12392414004C0C67399C391D11",4,"0xa046ac4f32f106a234384636f7bbcc5f36e659984c1df9dee60b393cde870f4c",24999955,false
"620d1ebd7cce5cea0af6eb05","0x4Ab6603d373e55787fDc8700aC33e72F01D58cde",1,"0x574be4cbf05aa11956193fe339cce5475b5b5d4c3825ae7213f41ae28a6adcea",24999954,false
"620d1ebd7cce5cea0af6eb06","0x1Ff2e3B8a8Bd0E98D9c059CB32dbD6a8ebB8c999",1,"0x6facdf6e02fbfce38bbe80a17e1d8194df8420c49ce1c9e57c85510186454855",24999954,false
"620d1ebd7cce5cea0af6eb07","0x59C8D9063eD564425eFebA6c4AAC337a6F43bA9E",2,"0xdd754915a4d005ca7456b261e75b087d22c96d3b9afe174f191243af303180ba",24999954,false
"620d1ebd7cce5cea0af6eb08","0x7AEB097659B1b473203206512Bb8383F1a32Ef91",2,"0x82d5d943ce80277e4ae2c2a9dfd9bd70e9cbf7bf045636835ec2a8e21bac26f2",24999954,false
"620d1ebe7cce5cea0af6eb09","0xA53fcBE44E0d7d64069A532b9345B918d0600Af6",1,"0xb00acd960b4729353ced7543715065ef03ed1c309501f4cd482538547559b24d",24999953,false
"620d1ebe7cce5cea0af6eb0a","0x2145c2161a761bf1875242BaaEC53a5e330E6Ef7",4,"0xde41410f291b13956dde18370833df13c529219b06099d0780da67d5c592c379",24999953,false
"620d1ebe7cce5cea0af6eb0b","0x15564df9195Bb8DBE1fcD9FEB76926026F9a96C1",6,"0x520217ce02f98e6ccfd3c74514f1c7696ec4b5725c8c776801b7086c854bf6d3",24999953,false
"620d1ebe7cce5cea0af6eb0c","0x1cA6B061f57EaFf511Ea14C89aD7bC6E0819acaD",1,"0x0993e14be698a07b4fbb02bd406f6211bf382cf84f714c4b030f9e16a546aa01",24999952,false
"620d1ebe7cce5cea0af6eb0d","0x775d437266975D74274d8da3AcaAC15a8AA7df34",2,"0x473f05834a7f13f47225dfd839d9250eda81790232a60ccf909cff2f6a99c386",24999952,false
"620d1ebf7cce5cea0af6eb0e","0x0Dc2F4B4C2d0D4656CB0dFa9434F6528A134558f",1,"0xb953c43b0c2d519ac63de682a6c3205bb9eff7e93b3b86af3b3e6a842027eab8",24999951,false
"620d1ebf7cce5cea0af6eb0f","0xDdD87FD027068B8B0f90D854D80d786eE9c05327",1,"0x4f921b4f9097960168ccdc9e0a39667af93a78cd57447cc91e1b89c389934466",24999951,false
"620d1ebf7cce5cea0af6eb10","0xA3Da722bc582A12fcf263813772D88925E2FC689",1,"0x46bf894c3f71676d629034b25fee934866352e5697b577b1fb991c38054a763e",24999951,false
"620d1ebf7cce5cea0af6eb11","0xcFa2253D360b46d3e8F806a866B2f12c52B1E6f7",5,"0x3301dd133bb9de68248ac2412ee22e5bcbd1f8c091ae6450d0eab864b227f55b",24999951,false
"620d1ed77cce5cea0af6eb12","0x2d1A3Abd6918a30416Ef51e88EB4CcEAf2036d65",1,"0x3b414d6b39c75505433ea945ab42b4d91792d1c3d24177a39adf6aa459f3fdac",24999950,false
"620d1ed77cce5cea0af6eb13","0x1A1DfE8087508194e25E43Af16ff28e689fbA6F4",1,"0xa75b0274f0281e9b89a3f0636b089abd3deca13133efa5bd1238d2ec4f268c64",24999950,false
"620d1ed87cce5cea0af6eb14","0x3141EE223187BFC16bdEeEA3Ef6F227C4AdEE8B9",2,"0x958900392169f378239bbe14f33f8230cff15d9ff0fc79a95c409fb13f264ddd",24999950,false
"620d1ed97cce5cea0af6eb15","0x3DB62e4D956b003d8F1d1db479F3C5FD32Ad5c66",1,"0xffba8585d85498ff8cadb0dd18ac6e60e712d883aba8b336f802609a3a05d938",24999949,false
"620d1ed97cce5cea0af6eb16","0x79842962F38392e0E88241BD8AfAb80c34c88CBc",1,"0x020389337d7be31fd6fc6f4dccf672c4206564ea8a60580b62dde1219ea52fe8",24999949,false
"620d1eda7cce5cea0af6eb17","0xc367560EE9Db796d8D4acaBd6eDB2d0E66bC5d6e",1,"0x34e90bb4e5000f4071ad440adc44f318cfd148030f5456a21159551f7370215f",24999948,false
"620d1eda7cce5cea0af6eb18","0x744011924EDce72D3d3f0D0cD077F227A0caCF1E",3,"0x32845b3cab41ecd07025edbde3985cdb87923a24875081c51c5c32e59ac2ddd9",24999948,false
"620d1eda7cce5cea0af6eb19","0x926D49DA4Bc6531C07B8d4521aF03acEd3357379",3,"0xd6f007942020227e338f2e205ae90fa9b7086e75dac84ec3b8b73cf822121527",24999948,false
"620d1edb7cce5cea0af6eb1a","0x57f5c4879b59Bb8d17A8869d34b8Bc65919384a7",1,"0x4896f0d60aaed9023ca6469ce58f0713df2b30c9fd1e560287b89e4fb4dd5875",24999947,false
"620d1edb7cce5cea0af6eb1b","0x2E4C1778f8F4d28f61F4676D9F4a75B37C88c26c",1,"0x6b93c900e9994104d1a8ded6470f512f97857c6907ac38bc34b7149d1878e9b5",24999947,false
"620d1edb7cce5cea0af6eb1c","0xfbd19a3b7bF4a6478427e9a8A6BAeF7371f8E14f",2,"0xbf305e672f7bde6878f975979e3722f857bebc18fa11b44c8e69a1019a2f4ab0",24999947,false
"620d1edc7cce5cea0af6eb1d","0x106097A9aE12095F3643c372eA9BFc2221088b03",1,"0xb1f9aa6a389bec296d18cbe4343ee025f72e0f68d7dd68a9d1a85c22fd4d561f",24999946,false
"620d1edc7cce5cea0af6eb1e","0x8C1cD7F0800d3F58d7555FEe0C5EB9fbB2b3bBcB",1,"0x823130de2d87db32db88f7cb54495f809bfea3144e01fa8c2e30fbb8658e50ac",24999946,false
"620d1edd7cce5cea0af6eb1f","0x7c9387fdC2454EDC87aAaF84E578d8209cFc2BbC",2,"0x81ca4a032acf5da7ac88c9ef8bae42c14faec3a3e0f0e76222e9dc8df6f51b30",24999944,false
"620d1edd7cce5cea0af6eb20","0xB1a7995EAD39CC5840b6FFA85281Be37c29973aA",3,"0x6f6f75dc094a1c1a47b62c74d98d3b2da8d88bbbce820a5e1dcf312a60637668",24999944,false
"620d1edd7cce5cea0af6eb21","0x442e7515d809E2492c39AA9EaCB47f011e45343B",1,"0x291a69b9f7d3cff994c86aa64ab60959bb43676932d55a7aa6d931737cdaf4f9",24999943,false
"620d1ede7cce5cea0af6eb22","0xc4e5F642239f5039fD6B174bdA8E8658bc822C32",2,"0x97e3c83b28a29acc15ec9ddfe5efbe266ea62ee528263840c1ba62ef88411044",24999942,false
"620d1ede7cce5cea0af6eb23","0x5D1DCcAa5358aEab1Ca3E2b9B3973F8ecD716bB7",2,"0xcaa9e74ca78fa701f9ef2a62bf1a4c8d9a236d02a6628f59fb3bf524aa5211e3",24999942,false
"620d1ede7cce5cea0af6eb24","0xBF9339aA9D0338E8abE7D688CB315c3a0ec07125",2,"0x9a9f1caa41ddf0e114b81d6daa7892fd2732f668c261708627231ec295da4931",24999942,false
"620d1edf7cce5cea0af6eb25","0xdc2bB0423fA2e23bE67f771A8C1499888bb168C7",2,"0x736a57419b453da6609b13546c0bf529ee5f9ceafa49c233bef05af650907b03",24999942,false
"620d1edf7cce5cea0af6eb26","0x31C28031bFA7140E736e26E56fE25DefF8A1212E",2,"0xde1813e40f89b0c85467e2bdf959d1aba00ae9eeaf31734a4bb39d23decbda91",24999942,false
"620d1ee07cce5cea0af6eb27","0x1FACc107125Ecfbfa40462A7f2408aD52E111762",1,"0xed2d803497bb0f11f06fe68d15004d0e421c63a22bc5981a14688c05e65a08fa",24999941,false
"620d1eee7cce5cea0af6eb28","0xDD2C396fE0AD5e37525368109eE2D3669bc3635b",2,"0xb1278f3aff580f2f59806e504483aad2664ed846d4e38819331a240188c6378d",24999940,false
"620d1eef7cce5cea0af6eb29","0x29e7aaCA586F983cA0e713a0793D4f9FBf62aFae",1,"0x7d8130814301dbff436c4abe8053a779aa03dd2b9b6d3bddfc19f4f8e13fea93",24999940,false
"620d1eef7cce5cea0af6eb2a","0x77F1903F285252d3fB7BB302526746F2620eA7CF",3,"0x4de2f8a243dd75220db016b2a0c2b501ede9b91ff028ae18b6a509ab9e81a996",24999940,false
"620d1ef07cce5cea0af6eb2b","0x913381edd454d6694FD566CA430620e9EA97C3EC",1,"0x60922ea15c5188f505d6ffc3938ed711bda3ab535aac76c84769b27ebf48adaa",24999939,false
"620d1ef07cce5cea0af6eb2c","0x75e46A934F49c63936AfA5ad04607A3A337dc396",1,"0xa3bb2e684b2920ff863e1cdaf57994a520f3dbf70b02625aa55bc2b499e67c7f",24999939,false
"620d1ef17cce5cea0af6eb2d","0xd45850D3aC380A48c87D653271462b9e2FfA562D",1,"0x922035689c9c9b1ea1ae604a1d657e80e67a262e690d6d2f216dfc140f5ccd1b",24999938,false
"620d1ef17cce5cea0af6eb2e","0x0229455F06Ef1330333630581f658c43c7e9Ba6b",2,"0xaea921d5b2b5347f4239099f52a164296a557dc10352c7717368822df772fffd",24999938,false
"620d1ef27cce5cea0af6eb2f","0x362f785F0DEF3479Ac1aCa6DdB23A3FbD01E12d8",1,"0x7586201fc120889450ccef72b550ed2cf6d5acd82b8c240060c4d51497f44756",24999937,false
"620d1ef27cce5cea0af6eb30","0x9e25a3cf3e77A674EcD19a3B8cAd5438d8f09689",1,"0xb4b277983a5cb4673547f31e74de16d751487dc990d463df61dd8a7520f65ef5",24999937,false
"620d1ef27cce5cea0af6eb31","0xD3ab1737A6bE8eBa692516c33Fc56105349CE8B2",1,"0x83a0b3cf207aa4ca70f715e13c4dfcd0e7f3474aeda146b0914bb4bf8a11def8",24999937,false
"620d1ef37cce5cea0af6eb32","0xa39e393b38178319902bFD0D0A283b3732A69fCa",1,"0x1e6bbcbcafcd313191aca18092e687d76aee0d3857f17a44ea272504900ce23c",24999937,false
"620d1ef37cce5cea0af6eb33","0xc4509ce1150B7609f2Eb266a9B5Ec7D31f270340",1,"0x68048925e358209de12a5b7376eacfdbae727748c20a77b6179bf6dd29045bdf",24999937,false
"620d1ef37cce5cea0af6eb34","0xbc1Af86A647A66dC001380eBE0A1bAB857D892F1",1,"0x58361b7950248a5c76369f34543bdb036c1a710ce84345593ba6a2443dd2a662",24999937,false
"620d1ef47cce5cea0af6eb35","0x7D92F9F0c67c50E70F0bBa1d402343384D9c8988",1,"0x82efe145fedabb780eb9127cbe2f6aad80a34d1592849430a534351cb4c0b940",24999936,false
"620d1ef47cce5cea0af6eb36","0x092DFf458Bc5db003BCD02BeECC2b5EAB8d53Dcd",1,"0x9c3a64ca49dad18d20123323fd50e50ce2c732accf5550e9c59e967465a411b7",24999936,false
"620d1ef47cce5cea0af6eb37","0xDbb2373Fe644A478175C535b14B8B85f65Eda2d8",1,"0x32b5dd8c0a3d74a80403c73947a66bff4321d174ab43a5fd910ce9e7be9b280e",24999936,false
"620d1ef47cce5cea0af6eb38","0x37e4A711EB2E20b3892706f90020a2F24fa82F9c",1,"0xb7d94af72a0819fd0eb1d05e8561c25a01cb8f6c38fec01dc0366e7bc6b43e64",24999936,false
"620d1ef57cce5cea0af6eb39","0x5C8573ea83F6436168E6259b8d28bd9a446F2182",1,"0x6d29ff98bde870b84ed77bf91090527fb25bded15560eac2e39a42027252aea2",24999936,false
"620d1ef57cce5cea0af6eb3a","0xb6C14c27BF30582Cd5D27bD2F8514DDE8756F8Cf",1,"0x99b68c417ba90c16896ad3df06fea287bafd375cefbdef3b1145dcbdf89f2b36",24999936,false
"620d1ef57cce5cea0af6eb3b","0xb752Eb2574D1F6398A53A05F15876cbA78be87eC",1,"0xaaa0a7e0633c22051624f4092017f720c69581076a73d1e1aaa883adf53f87cd",24999935,false
"620d1ef57cce5cea0af6eb3c","0x0Fe7EB045aAcCa8B4cac964f01d9394fE6b54EFf",1,"0xd6ba22721daedc90294e97a837a5f763a7642dc4d9d75e34d2974f53c984596e",24999935,false
"620d1ef67cce5cea0af6eb3d","0xCDa31ef080E99f60573C4D8C426D32b05A44AC4F",1,"0x642f21bbae98c03f60a18e66114e68e50cc531e912de54070ce4b767d5bcd53f",24999935,false
"620d1ef67cce5cea0af6eb3e","0xdF63f82949FD26d1E641bb7B7F506A87131E94f2",9,"0xb0f39e2e2d558b85b8a43c1c0b550a6e5dccf267075c96517d1a8919ae24f65d",24999935,false
"620d1ef67cce5cea0af6eb3f","0xeE9aBEc5E9810B3C749a8e77d529521b32430cb4",1,"0x989194735160b4ffb2cb778255b92ad68ae44a5db99277830e7604b57d166a8f",24999934,false
"620d1ef67cce5cea0af6eb40","0x7b187DB4ce2F46a48Db7A2780d082252e90E4DDb",9,"0x2ce0d8aa74ba6218b5db2dc43d045168de5d76b27f3ee4ea75ac2982ae4c422b",24999934,false
"620d1ef67cce5cea0af6eb41","0xDc76DB288ffC3dE488fEEea1Ab6a1F01E555026c",2,"0xbc13bdd8c16c9f3f6ed6ebcd370d922a456973c5b8e25cf7aa97ee5af68bf6f9",24999934,false
"620d1ef77cce5cea0af6eb42","0x341FD3471a9c9322c7B8eF80978eF2e197d48440",1,"0x893d4a3eb15b864628739ba774bfde0335cf20a284aa1f793012c50a9533a30b",24999934,false
"620d1ef77cce5cea0af6eb43","0x28738FECA8919843A3f674630A18a02E56f86dd3",1,"0x6d6b0f101fadb3b0e7161da3a96bb982a9eb2c179c3479944043178e2b5778c2",24999933,false
"620d1ef77cce5cea0af6eb44","0x393aD302C65681f1cC3163ae966E4Ecd7C0446e2",1,"0x28f53473d2993edcac956a48f8e7099658ff8f4ef1e7e6b65050bc90adc04dcc",24999933,false
"620d1ef87cce5cea0af6eb45","0x4318c2cD920EBF6E1C105c83D4ed07f6AedfAe3e",1,"0x5ef2a1be7ea64616fad2fee47449bd4c560404ef2cee52b3089fe1223d5070df",24999933,false
"620d1ef87cce5cea0af6eb46","0xC48af6f19B843C6376D2a248c5abd692B8c55c0c",1,"0x82a2b6985e7b8f878952d868a95be39ac9a8ed4b0ff4182315f81ce5b691c366",24999933,false
"620d1ef87cce5cea0af6eb47","0xc3B570F39d4b22e351f468B52baf31BFD4673A51",1,"0xf0a0fa326258edf6c1ea566c0abe2a8a3cc25b9d3dbb9046d47c5f1ba05ad501",24999933,false
"620d1ef87cce5cea0af6eb48","0x61dC707E53fE7a58BedcC5B6D5F3891d82f556da",2,"0xc66542ab3f63a21492e5414cf803407fa62e6ee9af929178d1de69f2603c6797",24999932,false
"620d1ef87cce5cea0af6eb49","0x733c2DbD1a33b0BC895C518F7E45f90EAbE85613",1,"0x3f18b59559b6610bae2ae053a7a57a41b1374fc6521985f61249e8fa652f116b",24999932,false
"620d1ef97cce5cea0af6eb4a","0xa6Feb695aC7475B0f07CBc6294E04849644a4641",2,"0xd0b27021ad600f963afd3a59d204ef954ad48bc3185a87348752b95fe3684dad",24999931,false
"620d1ef97cce5cea0af6eb4b","0xEb4a787B60a1FfF3Fc6fbAEE4fC36d87b4634e68",2,"0x6c6100ea45ac129c48b788c2deb4fba615d57589e319b7fea8c2f731622f77f0",24999931,false
"620d1ef97cce5cea0af6eb4c","0x2248ad04175cD3d634E637C18F170e9891224aF4",2,"0x782f62a631b5938f387978d8650f6bb951f11e2556143452e262413abedc871c",24999931,false
"620d1ef97cce5cea0af6eb4d","0x509C255A20D4F64aaCf2ca51088d85d8EaC25293",1,"0x515c27617ac23e5f376ea843d957348c294fd10fb3af5a3a6eeb172f71d9d9ec",24999931,false
"620d1f0a7cce5cea0af6eb4e","0xd78D136bdc4E50fE93d885B97e6DAAF6Fb739130",1,"0x23d47226805f6a657ecaf34d8c2429b3be120a918bac56e5fdda97efff8b37f5",24999930,false
"620d1f0a7cce5cea0af6eb4f","0x7838260D9f389801625E1c6a38f8F26907B9dC86",3,"0x2194f2fb57618d72470b57952b648eda0f7b92548de543fd056d21135b769265",24999930,false
"620d1f0b7cce5cea0af6eb50","0x9fDB92c11f5AAEdbEADFA6782b0578AA7F5EeeE4",1,"0x9f3bf12fbc889744cf39f721f8c4346fca716faa58fc79a77d6b064117ca4707",24999929,false
"620d1f0b7cce5cea0af6eb51","0x8ed065ab1f2733Bd617247aDd855bf41F1b8CA35",1,"0x3b66799e6d6504c7ddb06c3fa56758feaf914f9cbd2933929898f69ff14c02fa",24999929,false
"620d1f0b7cce5cea0af6eb52","0x5430507dd5eAdbC6c367873A27451506C7a10891",1,"0x2af8b789fed9cb048f733fd38c96b7c2d4992258d8a99c8ee7358d48e3961ebf",24999929,false
"620d1f0c7cce5cea0af6eb53","0x9CC2269F69C02efa57CbB149c16A2bBFfBFA5Bb6",1,"0x01d10fb2830e5f041659305141ac02c7a3520bafb195e37d6a110ceee9915d89",24999929,false
"620d1f0c7cce5cea0af6eb54","0xd5615B55130872a0Cc54bC86cdE552c900d80851",1,"0x051ada3a84ee63fdcd102739e34d0dc227e0ed42f9763a1a8925d06fd44f8699",24999929,false
"620d1f0c7cce5cea0af6eb55","0x86C210dc2655C1526D599bd5328F14c5d34D459d",5,"0x97fb4cd9ab1b36fec8fa0680c4dd92d54e3576b7822837e5a6171b5f40805078",24999929,false
"620d1f0c7cce5cea0af6eb56","0x3bB0d2a297e06db2cCBF2960Fec2b7D4d247a7d6",1,"0x430393054a56e51188f99094811dc87ce10e83459711df362a0458edf73ea6bb",24999929,false
"620d1f0d7cce5cea0af6eb57","0x9B4D46fD3eDDcD9A9DC43307fe6B05765DA9dC63",1,"0x313ba6a43104bc89dc4a86f56c416f531c79f8a38488216c8c993929372b0f5c",24999928,false
"620d1f0d7cce5cea0af6eb58","0xE11DF5c996b1dd02035cC0802ae2Ed7Ad6a22724",5,"0xf2cbe9a2adaef1a79f2de2d1e825ca4f6f116678dfae33d83fb5585706fa3a67",24999928,false
"620d1f0e7cce5cea0af6eb59","0x0197e53419221a14BAfF7F1822f3c3838a4fc4b9",2,"0xa8a51d2bc4a70d9ba3958c55d4192cee9cdfd3b9d096f1cb4a2762af9f98caf7",24999928,false
"620d1f0e7cce5cea0af6eb5a","0x8716f73D87D5972CBC0aD0FA38f09e48aEAA1416",1,"0xee1558da57e992843c3482f2e2907c9876cf28decbbba50f3da2f42f97526091",24999927,false
"620d1f0e7cce5cea0af6eb5b","0x42c3c79907A02e746AeC676D8CB6326Ed3b1Bd9c",2,"0x479bf55251aacace1975f987d9cbb507afd24c91711ca60b925baa31126cfb20",24999927,false
"620d1f0f7cce5cea0af6eb5c","0x42c162c0b3988A283CE4aFb67a510424e5A5182d",1,"0x3471751f8d43efa3697c064997319eed092da5a80d0a95abd5a0eef69497a4a3",24999927,false
"620d1f0f7cce5cea0af6eb5d","0x41De209C822F87FcA07dA64251D483D4C819fBc4",1,"0x3f671b030c315d59a0500949a7c892590a76ed8eb3fff1c62b94644164e7c51e",24999927,false
"620d1f0f7cce5cea0af6eb5e","0x915caA596803d8687903845805A01Ce7679c9731",2,"0xca75e2023a77cedf7f42478981d566932162d96249c91d25a2550836c60e8344",24999926,false
"620d1f0f7cce5cea0af6eb5f","0xc7F1e220F857132C792a0262bbB47C3D28bFC255",1,"0xde4dd505c7494a438a3fe225d83614e461629a675bae93fa8150606cbfa7ae62",24999926,false
"620d1f107cce5cea0af6eb60","0xD6A472B4ad6891BBf79c31601Fa227D793326E30",2,"0x6e2c9a18be1a4687aa1c5ad19ac56109b2bf2c05801ff05e2de2217700087345",24999926,false
"620d1f107cce5cea0af6eb61","0x33895a55892AB7AF53d016cBF41Eb29c0e05e5cC",2,"0x6bd5e05b7cc7bb018d8cd0840a868a11d673007fdb3bbb6b40664bd7e80cface",24999925,false
"620d1f117cce5cea0af6eb62","0x3FD10056C07419004A691982A3588cd965f25e3b",1,"0x56598166a59141f2322cdad57c6ded2162445e0a1d401fbbcbc6b06f35653bb5",24999925,false
"620d1f117cce5cea0af6eb63","0x05A8fdbf766720bfFAF08bdc276fda5ee7953140",1,"0xabad865935c7cdc70f253c6b2599fd609543d402aece57169f5a527dc485129d",24999925,false
"620d1f117cce5cea0af6eb64","0xF21124D74fb61E4aac5C6775e40F505044220487",5,"0x5864f72c8606c78d01be0cbef57b18c54553673735a4bc601ec0301f55be2a92",24999925,false
"620d1f127cce5cea0af6eb65","0x7f3a3B464Bee932EC0B2Ed2D0D68C77334178729",1,"0x9c8e11ba9d888a64936cb6275548ce28ef981824b577136b3bbcc5fa7735bec1",24999925,false
"620d1f127cce5cea0af6eb66","0x025cC9AfCF487d99E898355777102Bb865E310FE",1,"0x76f1d811c9002a98aa8d6228938f441b76283a46748c4024a2f200d4d6432b49",24999924,false
"620d1f127cce5cea0af6eb67","0x08b94384b121C28657eE01c9f1C9C4683FcAC600",1,"0x3ac5497d9d6e73908e3d9068e02545c5a450ba9aa8768b73ebeda377be098cd2",24999924,false
"620d1f127cce5cea0af6eb68","0x79E5935636FEB23ec54b7f4FDe5dEbA6c3C5c465",1,"0x8552eace73ef40787e1b1c6d554186ff9e6c730048130a75af6758e7fff085d0",24999924,false
"620d1f127cce5cea0af6eb69","0x33Fc1E3b1354728F1c43BfC168642Ca2E0021381",1,"0x81e24a52510ad2b8b990058472f02b76041650470c6c3443fbd5c93b6c1bc444",24999923,false
"620d1f137cce5cea0af6eb6a","0xd26f0B004c646289bC68D930fa9a415328e8BF21",2,"0x7ccca5d0d212a0e7bfb694adf814804a78259259a6d7c2a92ca3715e2c047b9a",24999923,false
"620d1f137cce5cea0af6eb6b","0xb81860dc75D82CDE189B560b464f70ff0937298e",1,"0x376c1e7632ce91ec173161800d7cee1058113305e6842e80b47d070fecb294eb",24999923,false
"620d1f137cce5cea0af6eb6c","0xa13594156fb8Fd91c4a5411Fd98945056F6Cf868",1,"0x42001b1884da1bfa7bc1b01739d6c3eb0a66a9d15cb5eb1ea2b45b515dd67656",24999923,false
"620d1f137cce5cea0af6eb6d","0x8fA49f494f0ABB0778d5aF3030200D17BaF4d3F3",1,"0x2ba52b7ee700bf6fa3c96340d383801656a63c1206c3b87e7d2cee3f6fff4b28",24999923,false
"620d1f147cce5cea0af6eb6e","0x3bEe9Ca5FdFF5F74e410cB4351450d0F1Af54e3e",1,"0x278586d8121c2f8ba446870921dac0fcb2fd1c20974cd529ebb16e2f4ee6d1e3",24999923,false
"620d1f147cce5cea0af6eb6f","0x1dDc5b3366CB250b89C073EA0a0b189e399b14a0",1,"0xa76f4d76f5275958eade5546c390a6589c427f0fcb2f36518ae64546340da611",24999923,false
"620d1f147cce5cea0af6eb70","0x4d40e1AA4F86035dc69F45945f6c86716C6F3D7d",1,"0x67372d7da9440a18d318fa47b69d9418bb550b2ded8fd99ebd2cc20e705aa5ce",24999923,false
"620d1f147cce5cea0af6eb71","0x1118084767930c9753f40fe8A0ACAba88784C4bF",1,"0x820a173f12f41931c9fa707d6dfb81afc36ba126b28c2da45d3c7b7c17adfae1",24999922,false
"620d1f157cce5cea0af6eb72","0x54f7bdE610d8480Fb099b1fE2785D13592743548",1,"0x7bcd7624cde001c9843925033ff45e28cce46281be2afd30af932c90aba74c46",24999922,false
"620d1f157cce5cea0af6eb73","0x2aAbec794702a037d33Ed63cd04fFbfa2276833a",1,"0x352f38f597db560e2321c4c61e5cb14246fee3b60b8290373baafa3930bec6e3",24999922,false
"620d1f157cce5cea0af6eb74","0xE5CfeC0602CBf83Df29BeFF244Ae473C95269270",1,"0xf4337089a799b501b179768183ce336b286e08e8f7ab3486f0af8ae8b4f30261",24999922,false
"620d1f157cce5cea0af6eb75","0x5412e7fBBed140EED79e65C82fF9d54AE3A09977",1,"0x8c8360ffd0c10d1387972c6f6a2c4c97a8b8834b74693e4be35c14ee63b9d4d5",24999922,false
"620d1f157cce5cea0af6eb76","0x5316f1a2594388C989273C353865BC43111A9Bd4",1,"0x50b4767bfd6ffee87193c02457302e58b924c68a88d1649c07ea730f9f3a19e1",24999922,false
"620d1f167cce5cea0af6eb77","0x2ef5fA3Bd296392Be33aAB774ADdca9510a78253",1,"0x382eecfe933063895598a1479e6bc15f87c8c266cc75cb2f0e38fc254fc25cac",24999922,false
"620d1f167cce5cea0af6eb78","0x10548D821C39FC9EE47c35d687A68ac36Bca600E",1,"0xe2344a4bf9b95de0e5e06ab804e70d381c463831f2f16018863c6a7f34264543",24999922,false
"620d1f167cce5cea0af6eb79","0xC003E8903BbDef2d9b848832FfB96be9b5e97cD3",1,"0xc158ce4fdf80ddd6905a10d8ca5cfe0bbd87de4b269a1c9e7d2b26c1d6f56724",24999922,false
"620d1f167cce5cea0af6eb7a","0x823eE449EEa1F842f347fcddE4Ff27dF4A927cB3",1,"0x9dc554a1dc3117d4dd25920f35938f923c644154431db279ed00ae9bb475b29e",24999922,false
"620d1f177cce5cea0af6eb7b","0x452ec0482ceb28623168D225e91b7A7d33d973cE",6,"0x1499e792128da32ba507c4027c4b98e63f76aeffe133c01ca9ca7e3546fa4fcd",24999921,false
"620d1f177cce5cea0af6eb7c","0x4F43f805505A6Ddf7d78FB05c024a607C43BFb7C",1,"0xfcad4bede96928221abc4545503b8ca12dd674edddd99b2f2ccdce214b93fd86",24999921,false
"620d1f187cce5cea0af6eb7d","0x0F401827b1667DCD06d51fEdd09525964Ffa0a8F",2,"0xa3d5d57af5992102c90336b4921cfe121a58f095fa9763b21816b152082aaa54",24999921,false
"620d1f267cce5cea0af6eb7e","0x9dD51EAA60943Ab50d3Afe682769cb4389A220f4",1,"0xfd79c9c016673ca6018d797c38a57cfc4b48fdbceb314c5f7bd937c97d3bb05a",24999920,false
"620d1f267cce5cea0af6eb7f","0xDf6b26529D66832738ccAb6b7320DDf08a69C8FC",1,"0xf6e38d04b1e86f060cfad05c93c8315170aec9280bb592885971c6386ca5aacd",24999920,false
"620d1f267cce5cea0af6eb80","0x9611b1ad6eCEF4B4F89979F2b4984eb0831B47dF",1,"0xb471a6cecc2263d812ce21a9c2bb866d3afb19324058d1a24015596eb5f44afe",24999920,false
"620d1f287cce5cea0af6eb81","0xbcda35EC97F014f5eE176a5032c3d7cB562045e5",1,"0x20727ddf331affd01d0a9abe9b2cf719356d7658cd83b30c5a033815dcbb9560",24999920,false
"620d1f287cce5cea0af6eb82","0x032384eEEeb377c53dbD5A3e836Ad6B25D4f8444",1,"0x21354bd9070530bc96395f5c61951d9ff971d4f7c5fa19d1c56e7a3fb2cbaf92",24999920,false
"620d1f297cce5cea0af6eb83","0xDabFD1eaa1183Bf9D13C7cD713c32aF9c301E59b",9,"0xe0609bb5e1355abc24f00afc0be2ba67ea6bee1b7bccf3c38207875e1c6d92e0",24999919,false
"620d1f297cce5cea0af6eb84","0xee631c5dff111aa4B7e17A9470d5376364195f90",2,"0x1089ac6055704fc4b5e1f82507c161aa8a88b64a4e33e9286e182257e5db606c",24999919,false
"620d1f297cce5cea0af6eb85","0x519363FE73fda2C0e18a0130A2840ab56b39D764",1,"0xa42d265dd200ca4a5326d411f9e53d1d1faa12e62a6314e4ccb8f4c513577b53",24999918,false
"620d1f2a7cce5cea0af6eb86","0xeD9AADEE24a6779D677EEb001B69663D045e6602",1,"0x985e70f1361d682582a67b057f9d6d2592fdd16b3edf7a1b514dbe2d3c663a17",24999918,false
"620d1f2a7cce5cea0af6eb87","0xc0FCF05fD2E7030a08b24bDC43399E69548B47f8",1,"0xc2188329117964587e745ce42f8f96d8df42ed97c69081e451cc24da3d81ea4e",24999917,false
"620d1f2a7cce5cea0af6eb88","0x6957dc902e51Cf391a5bc6aD89A74c0D6e14eA21",1,"0x092065d699852e9ad947e46979d40985fac6eec9bf09061085490a6efbcce19b",24999917,false
"620d1f2b7cce5cea0af6eb89","0xdDf3eecB3f526f00A23f7484447Fd6C72396A279",1,"0xa2da9d04f506b5acdb9eba53b2a6c6c838329ca8d04fa763c27fe7b029fc47d9",24999917,false
"620d1f2b7cce5cea0af6eb8a","0xd20058f5aA9e0b655fCABA94b0C0f070fd9392c8",1,"0x2235c3aa712d24db9336c8ed796ec5d6d45f383b440c75c4d4f9ebf2605bbb12",24999917,false
"620d1f2b7cce5cea0af6eb8b","0xAd6ddC689220577F996746d25eE1f663E0012bC6",1,"0xb18c89b43f089661dd8a9ff9b6001d9e31edb5e4d17600ce2f1e899ff2532062",24999917,false
"620d1f2c7cce5cea0af6eb8c","0xd8B16bC279FA067cD8F5f4115714B2ea860DdfA0",1,"0x7d64333c844cd1b1407c03fdf8404a4d637f021f621013a0312ba38429bc8458",24999916,false
"620d1f2c7cce5cea0af6eb8d","0x08B95Be70B11Ca71E439Ff9de0a07F3E60Bc33f0",1,"0xe6676988ee81af6af1dc4f80691c8d373dad64feafa92df64069c0c7107fbbe9",24999916,false
"620d1f2c7cce5cea0af6eb8e","0x29E51e2646B3b4f4C9ECB8218e66656FafC4deAb",1,"0x49a7f4a8b506ee390aafab779e43cb388cd58934d34b526c8ed52f6f5b6ecaab",24999916,false
"620d1f2c7cce5cea0af6eb8f","0x44852aD093f486Cb2b1599E782AdAA0b26DD261a",1,"0xa9e302bfb042fc55b40291da003d9bd39516f7450e2c17dda7c473801cc37d38",24999916,false
"620d1f2c7cce5cea0af6eb90","0x059efAb2d82aD1Dd112ACf6F6ff724C30AF80ef9",1,"0x0f894dbc4805f2a16420c9465418fb77311d352844b4a0693ab7d429450f6502",24999916,false
"620d1f2d7cce5cea0af6eb91","0x2ac9091448736a03Ba38e14E844B4Df94Badc76A",1,"0xdbad8451a3598827b99ab68993bd308c8434bca4fd66398f96484026caf8bba7",24999916,false
"620d1f2d7cce5cea0af6eb92","0xc44a6a5a0D4190B5b9A8EF3819D1a20BFdd6d7F3",1,"0x5d4799b928e834f76a7276c846f5f9125f5f0e50df587170a1def86ba1ee5d6b",24999916,false
"620d1f2d7cce5cea0af6eb93","0x44Bf1C38d1a90Ff625a7E81142C1d52125e5D1Dd",3,"0x9ef9176430c3732a5611bc81e1e8abb4e76527736d859ce52195db90f5dc9c86",24999916,false
"620d1f2e7cce5cea0af6eb94","0xdC17a5A69937563FD98c93927ae14bb9A969Cf7C",2,"0xda472240c4e751f0ab62d6561585434c06832e2ea9f992aa0411b10d9967cd45",24999916,false
"620d1f2e7cce5cea0af6eb95","0x2B37c5b7460c9Ca0A8F1dA55bd7bBB7D6a62c5A7",1,"0xf4ee8f2b8c78bada406e572ffda4259bbd45fbd420647e7afb049885076d8366",24999915,false
"620d1f2e7cce5cea0af6eb96","0xce2a1eB629780D3C599Ca3AEE36705b03Ba28dcC",1,"0x93ebe3f7164d2aac51b8cd084f020d1dcb8eeae46cf0d4da1db367dfb0c61b06",24999915,false
"620d1f2f7cce5cea0af6eb97","0xBEe25B0506aEA92102C6EE5F2904C81c0F7e1cF0",3,"0x7e371e79d283d9b6ca4bec33f6fbc65d970896e04586f276c07b5bb977960cdd",24999915,false
"620d1f2f7cce5cea0af6eb98","0xd43959Cd9a3218E5C084D315b40BeB63faF79AA5",1,"0x3517ba3f48ac962bdb7a03d3de41dd15a0db4106888ed81dc7405ad69b4c4451",24999914,false
"620d1f2f7cce5cea0af6eb99","0xa42781012D529c5303DCE02aE3da97687713B958",1,"0x124b4dab8bc1c376cd8ad08366720b8fac8ca0473c34bf6026cdc41ac7ceb132",24999914,false
"620d1f2f7cce5cea0af6eb9a","0x75ab78A2F9F9A504a0E15259165dAb36923145F7",3,"0x2586c753e44b3833ac17652ea518f9db25ec680484ec6e5b921c6f8432391ce4",24999914,false
"620d1f2f7cce5cea0af6eb9b","0x4B7F8D25D9390A3f9C39BbaD482047F5a8E75F39",2,"0x47ec0f9c9dfb4624ed572aa7aec8b10dc9b1b83b3446cacbbc9c8395ed421af2",24999914,false
"620d1f307cce5cea0af6eb9c","0x85513308e93e5Dd17bDeEDd31d2274e89f96fB4d",1,"0x70045de2895771cbf09f7e8418432171ec7d32f52280b9f02f8f048e7f27a40a",24999914,false
"620d1f307cce5cea0af6eb9d","0x4ac123581eBE60767e1b2Ec242C17DeD44C005aE",1,"0x0877e994f4f209bb47e9068c6175412cbde636a8a7f192f6332094e6ca3eea46",24999914,false
"620d1f307cce5cea0af6eb9e","0x0a86558AeD8861150ca0111C751f8c1FCeD42a17",3,"0x7d908091ffea5f9e48735648af05f3fab3a4ed02685fccd152b2c8ad5719fb94",24999914,false
"620d1f307cce5cea0af6eb9f","0x78884938DA80e2cc5B5B2E1ceb201e6c8d2EF503",2,"0x1e80c5946c2126e5fbaa0161356c6ad3130272c72c23df1ac0c2a54d9af00607",24999914,false
"620d1f307cce5cea0af6eba0","0x1c892ec3B4905B5fC9caeF916E46E168A03c3dD9",2,"0xcb9c5efa4549aea114b835248d40fdfee8f2839402fb0806840481d8d7b2bf4e",24999913,false
"620d1f317cce5cea0af6eba1","0x09979b3123545f7d9b2B23132482816247648A81",1,"0x122cb97994ae10c735e3f69be59d8eebdbe97fc9163622b5f47dc2b82c342bcf",24999913,false
"620d1f317cce5cea0af6eba2","0xEDf76C1a30E196e878c7320D426835c4E0E708A1",1,"0x33faa1dde5b3078d2b14abe03a3aa430d03d14849f9096a8bc23a80e8a5b4f3a",24999912,false
"620d1f317cce5cea0af6eba3","0x4181843595609fEE045A645fcEe441CFd52e3A68",1,"0x19e36d7f78dc7b408247b58813f75acc6fe4c3e2bd11d3be5c195f45180394a3",24999912,false
"620d1f317cce5cea0af6eba4","0x9405EC42E9C49e4907660D17B9D37e872c87B9A4",2,"0xbe309f479646982b926b6701b082e586852e34ec54d3b39b281102b346eb8a49",24999912,false
"620d1f327cce5cea0af6eba5","0x16ffF99d23E4DE4DBFADF7c624b22C750828ef4f",1,"0xacfd3d8056574a266eafd1c6206e731deaa4d2db5fd52cde1f35998e41d00a9a",24999911,false
"620d1f327cce5cea0af6eba6","0xF7486AD4D002e164F46498077D6139527c5F73D1",1,"0xc4a90a5edead365fec541914902ac0517f6d9b3b47c05afa00595ea4580d105d",24999911,false
"620d1f327cce5cea0af6eba7","0xb5963dfbc529a57fe159244B7D5Ec15CB712bDF4",1,"0x885ee5e7ab1ae396d35901d3b296cbf936c15e4eee82f8824db0bf68c46081b6",24999911,false
"620d1f427cce5cea0af6eba8","0x2Ba6F895600DA4142CD13979281D8F8db94dF1B0",1,"0x3b0337d15a71fbde28e8c30118cb5a119074a58005a9e6afa65aa2ca76bd1d19",24999910,false
"620d1f437cce5cea0af6eba9","0xD0Ce57e341E6979e915BfD26CdF3029F66260ce6",4,"0xa3c34739b7f3884cad195e40cfcddbf56e1f5a9fb4999df14b91e1bcdf0ed6fc",24999910,false
"620d1f437cce5cea0af6ebaa","0x7d8aEf5230D402EC2591893bd00F02aF4ab778E8",1,"0xfb1228bbccb4f48e87b0aaba5e24fa8af06f620a235d3df4531a7d05bc1ffa5f",24999910,false
"620d1f437cce5cea0af6ebab","0x3dADb8689CD6bF134B142B9EBC55d653a1c79f44",1,"0x171846ac895156d0b4f2501feddc3316679fc1f08439fe38081b87dd9020154e",24999910,false
"620d1f447cce5cea0af6ebac","0xE8880C92621e09d6161811296fefd0fbB865F041",1,"0xac501df16c2a3bc373391f6fec7a6dd4e9e0c6878e7559deeb3b9af127a1c7b7",24999910,false
"620d1f447cce5cea0af6ebad","0x7eec0F12b6C80a23943513A1D36a6B1E04AD6267",1,"0x594bfded0621fd0e0d809050015a2137b59d7c021eed04180075ee7458bfba52",24999910,false
"620d1f457cce5cea0af6ebae","0x52172c8Ed4aaf7f360aAe63b002D806576bFeb57",2,"0x1840506690b4451ec1074ceb35d51f3342268c83987c6e5846ac6512b01215fa",24999910,false
"620d1f457cce5cea0af6ebaf","0x7D423811Af7c5201Bda12f5C33A0762c2EDD092D",1,"0xfe29a618eda4b6c4c6983aa503c4c22f1bdd2c278d31b657575def726da88cdb",24999910,false
"620d1f457cce5cea0af6ebb0","0x511E45fa4902Ca9218a92296AB1C9785eE3619d1",2,"0xaf601ca452751489bb21f649afe9ae06544dc5b2ed91ba795f8e52cc4e82cf3f",24999910,false
"620d1f457cce5cea0af6ebb1","0x5f715Ba846089415B7f44A3Dedb625fabe6cA8d2",1,"0x523ca8295e359b5e4c1cabb73745ada7b795fb227f443346d41c25fbb433dc05",24999910,false
"620d1f467cce5cea0af6ebb2","0x789A03920E7d698Bd330A00461140c55178E80C2",1,"0x2cd2d88147d819307f6e7563ac295c4e6100fcc8f130af15d5b6a3e10a1cf971",24999910,false
"620d1f467cce5cea0af6ebb3","0x0908F7fDD45C29f7932687f79A2aFA036E92f149",1,"0x3a3cc5c2f6b4ee73c0109e97aca957ad6e6e3a899ac7c27e169581c5b321756c",24999910,false
"620d1f467cce5cea0af6ebb4","0xc164c10764C7AF0a26dc642581B68F26a4d754F0",2,"0xa67e897af12c2178ee281a00492311c8483d3d4594337c827105cdfd10ab0daf",24999910,false
"620d1f477cce5cea0af6ebb5","0x449A29E29836b6a4Ae4AF3D127E0B2d65dbb8aCB",1,"0x6491158793bf0dec6927e74b641025d82eded166c0b9b641c49f768292e7b5bf",24999910,false
"620d1f487cce5cea0af6ebb6","0x1f4c30D8075204250ebc8A178686c61A11dD2F9f",1,"0x55099ef1d7b183f25fc93ef22d1eb88c81005056e98e4e5318836d94c1746e09",24999909,false
"620d1f497cce5cea0af6ebb7","0x1d37457891100B799200C1c097640edF2eB85960",2,"0xec9a88a3f3aaa8014d80e78f110e29ecc1d9d30535c3f0c490e460846adc6ab4",24999909,false
"620d1f4a7cce5cea0af6ebb8","0xa446b19286306D6EFbAcB576257b2A28Fd7E6Df0",1,"0xc8eee639161cc4335b2f6678197570ea54635e3eb0089b287b25022514335cd4",24999908,false
"620d1f4b7cce5cea0af6ebb9","0x599932201c7d3Aa733Bd8e4B5447B327aA24bFAe",1,"0xcf2766effe54912f90b765a6185fc430d77383102dc1c8f7cc833676c61a757a",24999908,false
"620d1f4b7cce5cea0af6ebba","0xc3D1131d44FD1946Ffb962482Bbd2C25990a2CC0",1,"0xe2744917dff54f07eb7e5b86632333768ecb9069200d12d9fbc6fbf1712991d4",24999907,false
"620d1f4b7cce5cea0af6ebbb","0x2d6b3D231bA3e5A0e292F673400b83bB7c8f3f34",1,"0xa1a226830d9e094b8c376649124983cc68545b86cdf1f77554d2524a9c598106",24999907,false
"620d1f4c7cce5cea0af6ebbc","0x27DB87d69a61c88F6602309205B0BdE38fB25Dd2",1,"0x0d4d0e63564f8ef9bb9d33d8006278f02146d149c69e66af352a7e486821b224",24999907,false
"620d1f4c7cce5cea0af6ebbd","0xD58045Db9fEE1F782a4CBB5A174628C2bdae9213",1,"0x9cd924eb0fdd298a0a4014539f4af4378c1438a0f307db5bda42d4e800b3056d",24999906,false
"620d1f4d7cce5cea0af6ebbe","0x478ecFA6A1DeCAf360adf49a3685F510497610aA",1,"0xd6aa865f71252214d162e2b43b887c72b61aa9ec0a4e5cf4d5d07103ae2e34dd",24999906,false
"620d1f4d7cce5cea0af6ebbf","0xA1377f634c2CDa77B7908db0805aAA5873B1f97b",1,"0x8893b633c9c9c1fd90afc07956613ca699469fcd79f7d421d0685b74282a8ae4",24999905,false
"620d1f4d7cce5cea0af6ebc0","0x302EfC8e48cEd9C27956Bf125867e97Ac8a07002",1,"0x03fc6675a3cbb198fb6ca89f50160e8b2cf1e50c7a8cfae52dd7a6b6d94c9698",24999905,false
"620d1f4d7cce5cea0af6ebc1","0x318742d45f05310dC3e09f5350FE4EcEcDA8D638",1,"0x13e1d1093d84c74083403cccb0f6c1d2f3ab7366f606be90fc2cdc0f20508e65",24999905,false
"620d1f4e7cce5cea0af6ebc2","0xF2B3e2d1d76c2B2d0110B649251Fe42eeD547185",2,"0x4e48a054966421572fd8924db1d0897070d3ed156b9dc3912a15d0be3d1fd072",24999905,false
"620d1f4e7cce5cea0af6ebc3","0x86424527F510090472877550c04AE35f234c8E29",1,"0xf5c681985c60e199db28ee3b0195bb2ac67e0a0eb5cc3179c18a05962baf2424",24999904,false
"620d1f4e7cce5cea0af6ebc4","0x83c706b937478073c1E7B9ec0540442315696c29",1,"0x3f83ff31163bb18a423b157c14c553e468e89a631ec0298ca91a4aec231deac0",24999904,false
"620d1f4e7cce5cea0af6ebc5","0x38203E9bf592940F3Faeb5aDf120203C1f1061C8",1,"0x1e0ca7d622072bd054d5ae5eee320269ef6f3190daf7ab3df72ed1e03ad9fae8",24999904,false
"620d1f4e7cce5cea0af6ebc6","0x24d671b2E1AF72864fd18cFcB77F094703Acf745",1,"0x1e475e3f119a346cf2d336200776fe2377abbb70353f84557e97433287ea14b0",24999904,false
"620d1f4f7cce5cea0af6ebc7","0x3d285f1437386Af0b0CD73CBA57d07dcfeBFAC43",1,"0x36d23e67a218366a6976a2dd4f522c1c91b16a1dd8e7153ede607c081a688017",24999904,false
"620d1f507cce5cea0af6ebc8","0x64a7Daf072dDd205E71B4FCE475c98fa19b30B24",1,"0xefcdb47b1d74a109f2615ca2fcc35c0831e6a042d0bc0bf796e8251e8d6264e4",24999904,false
"620d1f507cce5cea0af6ebc9","0x1963b0da2654F15ddB07fd51A7b174B6cdA2Df91",2,"0x1e178f8f65421a804395e783259404198467ae55fd442aa5c349b832fd93058f",24999903,false
"620d1f507cce5cea0af6ebca","0x2985fA3746F1D75343fE1A6FddEF1D4Ad7c8bF04",1,"0x4e8c010ca79aa90fd8c59df1d4b26f28e2a1f792680f85aac8cb9b280a472f39",24999902,false
"620d1f507cce5cea0af6ebcb","0x6b921401b00Ad3B7d532fb39b8ED5c9D01983d6e",2,"0x92dcd6b08e56a17c2f4e508879f156ffa43eacc035c6fd61e22c54407a25a1be",24999902,false
"620d1f507cce5cea0af6ebcc","0xdA9439D27CCA7d1F94B2720697A2cCD6Db756403",1,"0x2e37d61c9dfbbd15c068a1ff0b5d39c9562bb76c399e7cdf0333257b984cdbf0",24999902,false
"620d1f517cce5cea0af6ebcd","0x855f9a961FD50aDc48b5096Fc092eA9bA5AA3A46",1,"0x442a51c083809de48d136eb65cf82ec37bcd33b51186bf760aa751dc8a459fc6",24999901,false
"620d1f527cce5cea0af6ebce","0xB38039189FC58Da2A5A214511103eB7C966Ee5D6",1,"0x83c66c5be8ae49cd54721d939810ca7682c53206be7cebc0fbf58f2645bc950d",24999901,false
"620d1f567cce5cea0af6ebcf","0x6Cc88Afd594B5EFec1f0B8d3Fc6A0432478a3C67",2,"0xb695ef867533390dad209cb45790d529fce9d2dbfca52052d68564bc9a444a61",24999900,false
"620d1f567cce5cea0af6ebd0","0xcc75094924b3265a45579b7b668A56C99cc358cB",2,"0xe5c8aab7eef25c9922e1596d63d4bebd481e2ea451142a306b336dd864d94f6c",24999900,false
"620d1f567cce5cea0af6ebd1","0x1cA96d0B3d00d5fF17d36a8B30cd2a3f06175Df7",2,"0x3e385beea9f761fb6735b1f1edace5c7270b692884364849d0a0b3bf16bc8c4a",24999900,false
"620d1f577cce5cea0af6ebd2","0x243DFA8DBF8fA1Fd10B138cd587ebE54f30c1cA3",2,"0x3c7226ee2b4864bf95d51bc87dd68392a1a8805364dd62e4a3f2644391354c18",24999900,false
"620d1f577cce5cea0af6ebd3","0x41949D065e45fC5dB5a338aFb2FD7291264B2ba9",2,"0x31d1395908348266ddedacbfc5a509bf6a3302449789f2ce043edb274c57f884",24999900,false
"620d1f577cce5cea0af6ebd4","0x5D544347BbFDD1f91aBaDDF9cDb9AFF549deA60F",2,"0x0319e8290090716a22e510f4fc3199d928eaf76d8a198e8c9f3c3067686d616c",24999900,false
"620d216f7cce5cea0af6ebd5","0x2ECB2571202Cc33A3e9a5a810D6E0A035bb6eab1",1,"0xd2da5a8d339279928114606c749e8946fb2189b7e30a46136cb8320214d29636",24999899,false
"620d216f7cce5cea0af6ebd6","0xa5229Fa8715fd719318675751Dd18c49C3F31BAD",1,"0xb8168706d39a6acc3d7c60a76c36ec32f221eb4b2b58ca3fcd62744b36e940b7",24999898,false
"620d216f7cce5cea0af6ebd7","0xEb0c6CB1C26806b4A933525f2325514a6C67eeb9",1,"0xa9d7afaa892657f7406973ad9cd92c47d031a14ab33765a52f06cb247c962c31",24999898,false
"620d21707cce5cea0af6ebd8","0x2F992317d52263c983e7036094B7bD81A42d80D1",1,"0x345a0c67223eb7dfb2d7ca456e39e5171ef35ed05842719227dc942d67226d8b",24999898,false
"620d21717cce5cea0af6ebd9","0x2d61Af47ec9966896e889402095DdA8B6a741650",1,"0x9b32c87f3fcb97bde7b516303bf853875b31fa0fd0044769cbbbdbb966de385e",24999897,false
"620d21717cce5cea0af6ebda","0xb3D4e379d38AF3510E9842a034e50944dddb223E",5,"0x930e69fef38b9b8a339fb3a8c7bc21ac3d2691b68ba68cd6511e286443ff3539",24999897,false
"620d21717cce5cea0af6ebdb","0xc41e47e75c3baB0262068D2beDb3AA1E388bAe33",1,"0x938a43c9e8b9aee7d8960bc93ccd83add0d57beebb1e2df65deee37084a990dc",24999897,false
"620d21717cce5cea0af6ebdc","0x2a845B32212a4BEc7ed81b2A53B14b2b2BE09cEE",2,"0x34d4f6b17ff38dc0e27f4dd0b7241bc2655a47b91edcf74482efb3b77effc93d",24999897,false
"620d21727cce5cea0af6ebdd","0x95F6B1427250ea8D92b85796C1A478155696A650",1,"0x6cb1c8329f112a4ce866a799c2b9bcb1bc486259e79879da464a8d360c9d04c6",24999897,false
"620d21727cce5cea0af6ebde","0xE46e4805eE8cc68669Da011931BB6f8624c12b53",1,"0xd260ff3414380b9b66dfd239cda39914e2eded97291cbc4aa880638542a55711",24999897,false
"620d21727cce5cea0af6ebdf","0xeaB010B4F23e7bdbA536D505F3554eA3a491b17A",1,"0x723ee531194d20454f02711f4f838e8c7d0a91366261972ab59d5478f1a965e9",24999897,false
"620d21727cce5cea0af6ebe0","0x86FB6fC24aDA23a1aF8aE771017542F589E37ab8",1,"0x4e5525cd9b5289417d6ff21d4ba850429595615bb91c1a60b5b4ca4c0400540d",24999897,false
"620d21747cce5cea0af6ebe1","0x07788d1D8Ae4c6330f7f01df6355BEC995bBC42d",1,"0xf8f39edbfbda3eefbd7a6a58bfa68643e078891213f73e9ab61b1bea63baa868",24999895,false
"620d21747cce5cea0af6ebe2","0x05ea10E8Bd4bB08799480861d7402b05Fdf8d62C",1,"0xdab319c3fe7948f9fdfd9990b6c1d1010ed726b6552e91801482794c9e50ed7a",24999895,false
"620d21747cce5cea0af6ebe3","0xf089A421dB547E08B70f56fBAe9f158D73d148dD",4,"0x01cd3d6fe82678d90781deef83749ba3b954407064c750b055692ad0de880537",24999894,false
"620d21757cce5cea0af6ebe4","0xa9027a268621d10b44a66E5c71887F850c39aaE2",1,"0xf7180002aa70b57835658d879c6e71575dc8cbca6b1473b78d0451f4c620263e",24999894,false
"620d21757cce5cea0af6ebe5","0x1d4437cd2D244D71F01ed47A011456CA65397bd8",1,"0x5635c066334c17347af60a0bf89c01f1259c47c07e9d89b32963626fd73b1d7f",24999893,false
"620d21767cce5cea0af6ebe6","0x31C69b61e03A04f597F4517DfacfdAf08Fbff725",1,"0x7b9f8a4637d7e79ab4d28235c8c8fcc30428781530bc9f0a5a1c5b3feb778b28",24999892,false
"620d21767cce5cea0af6ebe7","0x123825C857289Db5901441dbcdF72081dC587027",1,"0x11ea6e4bc4ce67a435a2a0d28bc02f2f744c1803ec21e4ed8d1ee1b1bccf47f6",24999892,false
"620d21767cce5cea0af6ebe8","0xC75efb1aFd7671023a9872c03B4D92b49F78ea12",1,"0x5bde751902aa8e6f60650b4f493601da76df8b02c937c5e27da2eeddaf3f182e",24999891,false
"620d21777cce5cea0af6ebe9","0xbBBFb4Eeb836b428CaE61253739f0c4fCCe8678a",1,"0x0823c80fe480fe332117265e6832fd0df070390a3d3b8bb6fa6e418866cb052e",24999891,false
"620d217b7cce5cea0af6ebea","0x2fe6e752a533047e71B4b38C23C8636Ac3acE19D",1,"0xe67b23fd5ce57ba795b89050f886f9a8a9923ee67def0e6ef7ed1a3dbd3b7e99",24999890,false
"620d217b7cce5cea0af6ebeb","0xDdb293D2737804bBe6607beA2adF3859923BBd68",1,"0x46af5e5ca7554053f1b0905a63a8974fac13bd4fe8131420d7e582113f6ed55d",24999890,false
"620d217c7cce5cea0af6ebec","0xD76b178Bd0141A0545D930d771237e2AeD1f1753",1,"0xea321f4872ab14e18fbfb9cbe284566c9074c71b9cf76a8c3aea9c901d417ee9",24999890,false
"62077ff859676fead046d3f5","0xC6D34d045ECB4ee26A91c71f30a5C327FeB67a43",1,"0xaf0a1c8ce0642b39734db3f027f043f1dbaf059d2841da1408da7e81b5af1feb",24412045,true